瘤痢,瘤痢疙,老矫,乞闭扁柯(∑C),老碍荐樊(mm),乞闭 浅加(m/s),乞闭 泅瘤扁拘(hPa),乞闭 傈款樊(1/10)
143,措备,2020-01-01,.2,,3,1024.4,2.6
143,措备,2020-01-02,3.4,,2.8,1021.9,4.1
143,措备,2020-01-03,3.6,,2.5,1019,1.3
143,措备,2020-01-04,2.7,,2.4,1018.4,1.8
143,措备,2020-01-05,2.2,,1,1023.6,2.6
143,措备,2020-01-06,1.4,12,.9,1020.6,9.8
143,措备,2020-01-07,7,27,1.1,1005.3,9.9
143,措备,2020-01-08,7.9,.3,4.4,1006.3,8.1
143,措备,2020-01-09,3.2,,3.5,1015.5,3
143,措备,2020-01-10,2.2,,1.3,1015.8,3.6
143,措备,2020-01-11,3.3,,2.4,1012.2,4
143,措备,2020-01-12,2.7,,3.3,1010.1,2.4
143,措备,2020-01-13,2.1,,3.4,1014.9,4
143,措备,2020-01-14,1.6,,2.9,1018,4.4
143,措备,2020-01-15,.9,,2.7,1020.5,.4
143,措备,2020-01-16,.3,,1.5,1018.9,6.1
143,措备,2020-01-17,1.4,,.9,1015,6
143,措备,2020-01-18,3.1,,1.6,1013.4,6
143,措备,2020-01-19,3.2,,2.2,1012.1,4.6
143,措备,2020-01-20,4.6,,3.3,1014.8,3
143,措备,2020-01-21,1.9,,1.7,1022.7,1.9
143,措备,2020-01-22,2.9,3.5,.8,1018.7,9.9
143,措备,2020-01-23,5,7.5,.8,1016.3,9.6
143,措备,2020-01-24,6.1,,1.9,1022.5,7
143,措备,2020-01-25,7.2,,1.9,1022.6,8.9
143,措备,2020-01-26,6.7,.1,2.3,1019.8,8.9
143,措备,2020-01-27,6.2,19.5,4.1,1011.2,10
143,措备,2020-01-28,7.4,0,1.3,1009.8,9
143,措备,2020-01-29,6.2,.5,1.3,1008.5,9
143,措备,2020-01-30,5.7,0,1.6,1007.7,7.5
143,措备,2020-01-31,4.4,0,1.1,1012.7,6.3
143,措备,2020-02-01,2.9,,2,1017.4,2.4
143,措备,2020-02-02,3.6,,1.2,1017.9,2.6
143,措备,2020-02-03,3.1,,2.9,1018.6,2
143,措备,2020-02-04,1.9,,1.8,1018.9,.8
143,措备,2020-02-05,-1.5,0,4.5,1021.7,1.1
143,措备,2020-02-06,-2.1,,1.8,1025.7,3
143,措备,2020-02-07,1.1,,2.2,1021.1,5.1
143,措备,2020-02-08,2.9,,3.7,1018.8,3.1
143,措备,2020-02-09,1.9,,2.2,1017.8,.4
143,措备,2020-02-10,5.5,,2.1,1016.9,2.4
143,措备,2020-02-11,6.1,,1.2,1021.4,4.8
143,措备,2020-02-12,8.1,6,1.7,1010.8,9.8
143,措备,2020-02-13,10.4,,1.8,1011.4,5.8
143,措备,2020-02-14,10.7,,1.4,1013.6,4.9
143,措备,2020-02-15,12,,2.6,1012.1,6.9
143,措备,2020-02-16,5,4,4.8,1004.3,8.6
143,措备,2020-02-17,-1.6,0,5.7,1009.4,5.4
143,措备,2020-02-18,-.2,,3.5,1019,.3
143,措备,2020-02-19,4.7,,2,1022.4,4.4
143,措备,2020-02-20,6.1,,1.1,1026.2,1.8
143,措备,2020-02-21,8.3,0,1.5,1023.6,6.6
143,措备,2020-02-22,8.2,0,4.7,1017,2.8
143,措备,2020-02-23,4.9,,2.8,1021.6,0
143,措备,2020-02-24,8.1,0,1.1,1017.6,4.8
143,措备,2020-02-25,7,29,2.8,1011,10
143,措备,2020-02-26,8.3,.2,1.9,1015.7,8.6
143,措备,2020-02-27,6.1,0,3.4,1021.8,8.4
143,措备,2020-02-28,4.5,1,1.4,1017.1,8.3
143,措备,2020-02-29,6.3,,1.1,1011.8,5.5
143,措备,2020-03-01,9.4,,1.5,1011.3,7.9
143,措备,2020-03-02,7.1,,3.8,1015.5,2.9
143,措备,2020-03-03,7.7,,2.8,1017.7,6.9
143,措备,2020-03-04,5.9,,4.6,1013.6,5
143,措备,2020-03-05,3.7,,3,1017.4,0
143,措备,2020-03-06,5.4,,1.1,1015.3,2
143,措备,2020-03-07,5.7,2,1.2,1011.9,9
143,措备,2020-03-08,8.3,,2,1012.4,2.5
143,措备,2020-03-09,9.1,3,1.5,1007.9,7.4
143,措备,2020-03-10,9,10,2.9,999.3,8.8
143,措备,2020-03-11,6.4,,4.5,1010.2,0
143,措备,2020-03-12,8.3,,1.7,1015.1,.8
143,措备,2020-03-13,9.4,,2.4,1013,8.3
143,措备,2020-03-14,6.5,,4.6,1008.3,2.3
143,措备,2020-03-15,6.2,,4,1004.3,2.8
143,措备,2020-03-16,6.4,,2.5,1014.2,.1
143,措备,2020-03-17,10.5,,2.6,1008.8,1.8
143,措备,2020-03-18,11.7,,1.4,1007.7,0
143,措备,2020-03-19,10.8,,4.4,1000.6,1.4
143,措备,2020-03-20,12,,3.5,1007,0
143,措备,2020-03-21,15,,1.5,1005.3,2.3
143,措备,2020-03-22,14.1,,2.8,1005.7,2
143,措备,2020-03-23,11.5,,3,1010.2,0
143,措备,2020-03-24,11.2,,1.9,1014.1,.3
143,措备,2020-03-25,13.1,,1.5,1014.4,1.8
143,措备,2020-03-26,13.2,3.5,.7,1010.3,9.5
143,措备,2020-03-27,14.6,6,2.1,1005.3,8.1
143,措备,2020-03-28,8.2,,3.3,1013.6,7.9
143,措备,2020-03-29,8.7,,2.6,1015.3,6.5
143,措备,2020-03-30,11.5,,1.8,1013.9,6.1
143,措备,2020-03-31,12.8,,1.5,1010.3,3.5
143,措备,2020-04-01,13.9,0,2.5,1006.4,5.1
143,措备,2020-04-02,12.6,,2,1014.5,2.5
143,措备,2020-04-03,13.5,,2.2,1013.2,.3
143,措备,2020-04-04,10.8,,2.9,1011.3,0
143,措备,2020-04-05,9.3,,2,1014.6,0
143,措备,2020-04-06,11.3,,1.7,1012.9,3.6
143,措备,2020-04-07,15.3,,3.4,1008.3,1.9
143,措备,2020-04-08,12.2,,3.9,1010.5,0
143,措备,2020-04-09,10.3,,2.8,1015.1,1.6
143,措备,2020-04-10,11,0,2.1,1018.5,8.8
143,措备,2020-04-11,10.6,.1,1.5,1012.8,8.3
143,措备,2020-04-12,9.2,1,2.6,1006.2,8.1
143,措备,2020-04-13,10.2,,2.7,1006.2,5.5
143,措备,2020-04-14,14.6,,2,1009.1,1.4
143,措备,2020-04-15,14.5,,2.5,1007.8,7.5
143,措备,2020-04-16,12.8,,4.1,1012.8,3
143,措备,2020-04-17,10.7,11.5,1.9,1008.1,9.5
143,措备,2020-04-18,14,.3,2.8,1008.9,4.8
143,措备,2020-04-19,11.1,19,2.9,1008.3,9.6
143,措备,2020-04-20,13.6,.5,3.4,1003.6,7.8
143,措备,2020-04-21,11.4,,5.4,1006.9,5.3
143,措备,2020-04-22,8.5,,5.3,1008.7,2.8
143,措备,2020-04-23,9.9,,5.2,1008.7,2.1
143,措备,2020-04-24,11.8,,3.8,1008.3,.4
143,措备,2020-04-25,15.9,,2.5,1004.5,0
143,措备,2020-04-26,13.6,,3.2,1010.3,1.6
143,措备,2020-04-27,12.9,,2.4,1013,3.1
143,措备,2020-04-28,15.2,,2.3,1013.1,0
143,措备,2020-04-29,17.6,,1.6,1012.2,0
143,措备,2020-04-30,18.9,,2,1009.5,0
143,措备,2020-05-01,22.7,,1.8,1006.7,.5
143,措备,2020-05-02,22.7,0,1.9,1005.1,8.4
143,措备,2020-05-03,17.9,5.5,1.5,1001,9.8
143,措备,2020-05-04,21.5,,3.4,1001.3,4.9
143,措备,2020-05-05,16.8,2.5,2.6,1005.6,8.6
143,措备,2020-05-06,17.5,,3.3,1008,2.1
143,措备,2020-05-07,15.8,,3.7,1013.2,5.1
143,措备,2020-05-08,17.6,1.5,2.2,1009.6,6.9
143,措备,2020-05-09,17,16.5,2.3,1000.6,9.6
143,措备,2020-05-10,18.9,,3,999.8,3.9
143,措备,2020-05-11,21.1,,2.5,1000.9,2.6
143,措备,2020-05-12,20.2,,4.1,998.1,1.3
143,措备,2020-05-13,18.6,,3,1008.9,.4
143,措备,2020-05-14,19.9,,1.3,1010.4,6
143,措备,2020-05-15,16.5,5,2.2,1004.6,10
143,措备,2020-05-16,19.3,.1,1.8,1000,9
143,措备,2020-05-17,22,,1.9,999.1,7.8
143,措备,2020-05-18,19.8,3.5,3.1,994.4,9
143,措备,2020-05-19,15.5,3.5,3.4,993.1,5.1
143,措备,2020-05-20,15.6,,2.8,1004.3,4.4
143,措备,2020-05-21,16.2,,2.8,1009.1,6.6
143,措备,2020-05-22,17.1,,3.3,1008.2,5.4
143,措备,2020-05-23,20.1,,1.9,1005.6,1.9
143,措备,2020-05-24,21.6,,2.3,1003.2,7.5
143,措备,2020-05-25,21.4,,2.1,1004.4,8.4
143,措备,2020-05-26,21.6,,1.7,1001.6,7
143,措备,2020-05-27,21.4,,2.6,1001.7,6.5
143,措备,2020-05-28,21,,1.9,1002.6,2.8
143,措备,2020-05-29,21.1,,2.1,1008.4,3.8
143,措备,2020-05-30,21.7,,2.2,1010.8,7.3
143,措备,2020-05-31,22.3,,2,1005.3,6.5
143,措备,2020-06-01,23.6,,3,1002.5,3.9
143,措备,2020-06-02,22.5,,1.4,1001.2,5.9
143,措备,2020-06-03,24.1,,1.7,997.6,5.3
143,措备,2020-06-04,27.7,,2.1,996.9,.8
143,措备,2020-06-05,25.9,,2.7,1000.2,5
143,措备,2020-06-06,21.2,,4.4,1003.7,6.5
143,措备,2020-06-07,23.5,,2.4,1005.6,2.1
143,措备,2020-06-08,26.9,,1.5,1007.9,0
143,措备,2020-06-09,28.7,,1.5,1007.7,.9
143,措备,2020-06-10,28.1,.1,1.8,1002.5,6.5
143,措备,2020-06-11,25.5,29,1.5,997.3,6.4
143,措备,2020-06-12,25.6,51,1.8,998.6,8.6
143,措备,2020-06-13,24.6,10,1.3,998.9,9.5
143,措备,2020-06-14,25.5,36.5,2.5,997.3,8.1
143,措备,2020-06-15,25.9,,2.4,999.7,4.5
143,措备,2020-06-16,24.8,,2,999.7,4.9
143,措备,2020-06-17,23.3,,1.4,999.6,9.1
143,措备,2020-06-18,19.2,7.2,1.4,997.4,10
143,措备,2020-06-19,22,.4,2.1,1000.1,7.3
143,措备,2020-06-20,23.2,,2.8,1004.6,5.5
143,措备,2020-06-21,22.2,,3.4,1002.5,2.1
143,措备,2020-06-22,25.3,,1.7,1002.4,.3
143,措备,2020-06-23,26.3,,1.9,1003.1,4.6
143,措备,2020-06-24,22.2,2.3,2.8,999.7,9.6
143,措备,2020-06-25,23.8,.7,1.1,996.1,9.6
143,措备,2020-06-26,25.5,,2.4,999.9,6.9
143,措备,2020-06-27,26.1,,1.3,998.6,7.5
143,措备,2020-06-28,26.1,,2.2,997.8,1.8
143,措备,2020-06-29,22.1,42.2,3.1,997,8.3
143,措备,2020-06-30,23.5,5.9,3.2,985.6,8.9
143,措备,2020-07-01,22.2,.4,2.2,998.1,8.4
143,措备,2020-07-02,23.6,,1.8,1005.1,6.4
143,措备,2020-07-03,20.7,5.9,2.7,1005,9.6
143,措备,2020-07-04,21.2,0,1.4,1001.1,8.9
143,措备,2020-07-05,23.7,,.9,998.4,7.6
143,措备,2020-07-06,24.1,,1.3,995.4,8.9
143,措备,2020-07-07,26.5,0,1.8,997,6.3
143,措备,2020-07-08,26.2,,2.2,998.3,5.5
143,措备,2020-07-09,24.4,0,3.6,999,5.8
143,措备,2020-07-10,24,26.2,2.2,995.7,8.8
143,措备,2020-07-11,25.5,,2.3,1000.5,8.6
143,措备,2020-07-12,20.4,27.8,3.4,1004.9,9.9
143,措备,2020-07-13,19.2,54.5,4.1,997.6,10
143,措备,2020-07-14,19.6,.8,2.4,997,10
143,措备,2020-07-15,19.2,2.4,2.6,1000.1,9.3
143,措备,2020-07-16,22.2,,2.1,1001.1,3.6
143,措备,2020-07-17,22.7,,2.9,1003,1.1
143,措备,2020-07-18,22.4,,2.4,1004,6.4
143,措备,2020-07-19,24.3,0,2.9,1001.8,9.4
143,措备,2020-07-20,29.1,.9,2.3,1000.3,8.9
143,措备,2020-07-21,26.9,5.9,1.6,1005.1,6.9
143,措备,2020-07-22,22.5,45.6,.9,1004.2,10
143,措备,2020-07-23,21.7,63.1,3.5,1000.8,9.8
143,措备,2020-07-24,21.3,11.5,2.8,992,9.5
143,措备,2020-07-25,21.9,13.7,1.2,996.1,10
143,措备,2020-07-26,25,0,1.7,1001.1,8.6
143,措备,2020-07-27,22.6,16.9,2.9,1002.8,9.8
143,措备,2020-07-28,22.3,14.6,2.7,1004.8,10
143,措备,2020-07-29,23.1,3.9,2,1007.1,9.6
143,措备,2020-07-30,23.1,36,1,1008.2,8.6
143,措备,2020-07-31,26.1,.4,1.2,1007.6,8.9
143,措备,2020-08-01,27.7,.1,1.1,1005.3,8.4
143,措备,2020-08-02,28.6,,1.3,1003.4,8.4
143,措备,2020-08-03,29.1,,1.6,1003.5,8.1
143,措备,2020-08-04,29.3,,1.6,1006.1,6.5
143,措备,2020-08-05,28.9,0,1.7,1006.7,9.4
143,措备,2020-08-06,28.5,9.9,2,1001.3,8.6
143,措备,2020-08-07,24.6,84.7,1,1000.8,9.8
143,措备,2020-08-08,23.7,168.2,1,998.3,9.6
143,措备,2020-08-09,28.3,.5,1.9,999.2,7.4
143,措备,2020-08-10,26.1,18.1,1.7,998.6,9.6
143,措备,2020-08-11,27.6,4.8,1.2,1003.9,7.1
143,措备,2020-08-12,28.7,,1.1,1006.5,7.6
143,措备,2020-08-13,30.3,,1.7,1004,4.8
143,措备,2020-08-14,31.2,,2.3,1000.6,4.4
143,措备,2020-08-15,31.4,,2.1,1002.5,4.9
143,措备,2020-08-16,30.4,,1.5,1004.6,3.6
143,措备,2020-08-17,29.6,,1.7,1007,4.6
143,措备,2020-08-18,30,,1.5,1006,1.6
143,措备,2020-08-19,30.5,,2.1,1004.2,.3
143,措备,2020-08-20,29.6,,1.7,1005.6,.9
143,措备,2020-08-21,27.2,,2.9,1008,5.1
143,措备,2020-08-22,26.9,,3,1006.4,8.1
143,措备,2020-08-23,28.2,0,1.5,1002,6.8
143,措备,2020-08-24,28.5,,1.6,999.6,2.4
143,措备,2020-08-25,29.9,,1.6,999.4,2
143,措备,2020-08-26,29.4,,4,997.7,7.5
143,措备,2020-08-27,28.4,7.1,2.8,998.3,8.9
143,措备,2020-08-28,28.8,0,1.7,1001.7,8.4
143,措备,2020-08-29,29.8,.5,1.4,1003.5,7.5
143,措备,2020-08-30,28.6,28.8,2,1004.9,7.3
143,措备,2020-08-31,25.4,,3.1,1007.2,7.6
143,措备,2020-09-01,25.6,0,2.5,1003.7,9.4
143,措备,2020-09-02,26.1,44.7,3.4,993.8,10
143,措备,2020-09-03,27,44.8,5.6,989.5,4.8
143,措备,2020-09-04,24.1,,1.3,1006.9,1.9
143,措备,2020-09-05,19.9,4,1.9,1008.1,9.6
143,措备,2020-09-06,19.5,18.3,1.3,1000.9,10
143,措备,2020-09-07,23.4,34.4,4.3,983.8,8.3
143,措备,2020-09-08,25.4,0,2.8,1004.2,2.9
143,措备,2020-09-09,23.9,1.2,1.6,1004.3,4.9
143,措备,2020-09-10,23.3,1.6,1.2,1003.3,7.9
143,措备,2020-09-11,21.7,3.3,2.4,1007.7,9.9
143,措备,2020-09-12,19.9,3.8,1.3,1008.2,9.8
143,措备,2020-09-13,20.9,,1.7,1009,7.9
143,措备,2020-09-14,22.5,,1.6,1008,6.4
143,措备,2020-09-15,22.9,,1.7,1006.8,6.3
143,措备,2020-09-16,21.7,1.3,1.4,1004.1,9
143,措备,2020-09-17,21.5,1.7,.9,1004.1,9.3
143,措备,2020-09-18,20.5,1.9,1.6,1007.3,6.6
143,措备,2020-09-19,20.5,,1.7,1009.6,3.4
143,措备,2020-09-20,19.7,,2.2,1010.4,.1
143,措备,2020-09-21,18,,1.7,1012.1,3.3
143,措备,2020-09-22,17.5,,2.1,1012.3,5.8
143,措备,2020-09-23,18.7,,2,1011,8.5
143,措备,2020-09-24,19.6,0,2,1008,5.9
143,措备,2020-09-25,19.7,,1.5,1005.6,5.1
143,措备,2020-09-26,19.4,0,1.5,1009,5.8
143,措备,2020-09-27,18.8,,1.9,1012.3,4.4
143,措备,2020-09-28,17.6,,2,1010.9,1.9
143,措备,2020-09-29,18.3,,1.2,1005.1,4.6
143,措备,2020-09-30,18.6,,1.8,1004.5,4.4
143,措备,2020-10-01,18.4,,2,1008,3.8
143,措备,2020-10-02,20.7,,1.4,1008.9,4.8
143,措备,2020-10-03,21.5,1,1.1,1008.5,7.8
143,措备,2020-10-04,20.3,.1,2,1005.2,9.5
143,措备,2020-10-05,15.8,,3.9,1010.8,3.5
143,措备,2020-10-06,16.2,,1.7,1015.1,2.9
143,措备,2020-10-07,17.1,,2.7,1018.7,6.5
143,措备,2020-10-08,18.3,,4.2,1019.4,3.9
143,措备,2020-10-09,18.6,,3.8,1016.2,6.5
143,措备,2020-10-10,18.1,,2,1012.7,7.3
143,措备,2020-10-11,16.5,,1.1,1009.9,5.5
143,措备,2020-10-12,17.5,,1.6,1008.3,4.3
143,措备,2020-10-13,16,,2.5,1013.4,3.8
143,措备,2020-10-14,13.7,,1.6,1017.5,4.4
143,措备,2020-10-15,14.5,,1.7,1018,4
143,措备,2020-10-16,13.4,,.9,1016.9,8
143,措备,2020-10-17,14.5,,1.4,1016.2,0
143,措备,2020-10-18,14.1,,1.4,1016.8,2
143,措备,2020-10-19,14.2,,1.2,1018.1,2.8
143,措备,2020-10-20,14.7,,1.7,1019.5,.1
143,措备,2020-10-21,13.7,12,1,1013.6,8.8
143,措备,2020-10-22,15,,2.2,1006.3,7.9
143,措备,2020-10-23,11.7,,4,1007,.3
143,措备,2020-10-24,11.3,,3.9,1011,0
143,措备,2020-10-25,14,,2.5,1012.8,3.5
143,措备,2020-10-26,13.4,,1.1,1013,1.6
143,措备,2020-10-27,13.4,,.9,1014.3,1.9
143,措备,2020-10-28,16.1,,2.2,1015.1,5.8
143,措备,2020-10-29,12,,1.2,1016.5,3.1
143,措备,2020-10-30,11.7,,1.9,1019,2.3
143,措备,2020-10-31,11.4,,1.1,1019.2,3.6
143,措备,2020-11-01,12.1,3.1,.8,1014.8,10
143,措备,2020-11-02,13,,1.6,1013.3,5.1
143,措备,2020-11-03,7.5,,4,1013.7,1.5
143,措备,2020-11-04,6.7,,3.1,1018,0
143,措备,2020-11-05,8.7,,.9,1020.7,4
143,措备,2020-11-06,12.1,,.8,1015.7,8.6
143,措备,2020-11-07,14.4,,1.9,1011.2,1.1
143,措备,2020-11-08,11.2,,3,1014.2,.5
143,措备,2020-11-09,8.2,,3.3,1018.3,2.1
143,措备,2020-11-10,9.4,,1.8,1021,.6
143,措备,2020-11-11,8.2,,1.1,1025.5,0
143,措备,2020-11-12,9.4,,1.1,1023.7,0
143,措备,2020-11-13,10.9,,1.1,1021.4,0
143,措备,2020-11-14,11.3,,1.8,1023.4,1.6
143,措备,2020-11-15,10.9,,1,1020.6,2
143,措备,2020-11-16,12.3,,1.7,1019.8,2.5
143,措备,2020-11-17,14.7,.4,1.1,1018.7,6.9
143,措备,2020-11-18,18.9,0,2.1,1012.3,8
143,措备,2020-11-19,19.4,19,3,1002.2,8.1
143,措备,2020-11-20,9.4,,4.1,1010.3,3.9
143,措备,2020-11-21,7.1,,1.6,1017.7,6.4
143,措备,2020-11-22,9.2,1.4,2.7,1014.5,8.4
143,措备,2020-11-23,5.9,,3,1019.7,.4
143,措备,2020-11-24,5.6,,1.2,1020.6,4.9
143,措备,2020-11-25,7.2,,2.4,1019.4,2.4
143,措备,2020-11-26,8.8,,1.8,1019.2,7
143,措备,2020-11-27,8.2,0,3.6,1017.3,5.9
143,措备,2020-11-28,3.6,,3.1,1020.5,4.6
143,措备,2020-11-29,3.8,,3.2,1021.9,1.8
143,措备,2020-11-30,3.8,,3.1,1026.6,0
143,措备,2020-12-01,3,,1.6,1027.2,2.8
143,措备,2020-12-02,4.1,,1.3,1022.4,3.3
143,措备,2020-12-03,4.6,,3.2,1021.4,4.6
143,措备,2020-12-04,2.7,,2.9,1022.3,1.4
143,措备,2020-12-05,3.3,,2.2,1022.6,2.3
143,措备,2020-12-06,4.1,,1.5,1021.2,0
143,措备,2020-12-07,4.5,,2,1020.3,2.6
143,措备,2020-12-08,2.5,,2.5,1021.1,1
143,措备,2020-12-09,1.9,,1.2,1019.2,1.3
143,措备,2020-12-10,5.9,,1.2,1015.5,6.4
143,措备,2020-12-11,6.8,,1.2,1012.6,7.8
143,措备,2020-12-12,5.8,,3,1011.3,3
143,措备,2020-12-13,2.5,0,2.4,1011.3,6.5
143,措备,2020-12-14,-3.2,,4.4,1019.7,2.1
143,措备,2020-12-15,-4.4,,4.4,1022.6,0
143,措备,2020-12-16,-3.6,,4.5,1022.5,0
143,措备,2020-12-17,-1.9,,3.2,1023.1,0
143,措备,2020-12-18,.5,,2.5,1020.5,5.6
143,措备,2020-12-19,-1.4,,3.7,1024.4,2.9
143,措备,2020-12-20,-.2,,2.7,1024.7,3.3
143,措备,2020-12-21,.5,,1.9,1022.1,2.3
143,措备,2020-12-22,1.8,,1.6,1019.6,.5
143,措备,2020-12-23,2,,1,1016.9,4.6
143,措备,2020-12-24,4.5,,2.9,1010.3,3.4
143,措备,2020-12-25,1.4,,3.7,1016.2,.1
143,措备,2020-12-26,1.7,,.8,1018.9,6.4
143,措备,2020-12-27,2.4,1.3,1,1016.2,8.5
143,措备,2020-12-28,3.8,,.8,1017,4.6
143,措备,2020-12-29,3.2,1.3,2.1,1012.3,6.9
143,措备,2020-12-30,-5.6,.2,6.2,1012.8,3
143,措备,2020-12-31,-5.1,,3.8,1018.2,1.3
143,措备,2021-01-01,-1.8,0,1.9,1018.9,4.5
143,措备,2021-01-02,-.9,0,3.1,1020.9,2
143,措备,2021-01-03,-1.3,,4,1025.8,5.9
143,措备,2021-01-04,-.3,,1.4,1023.9,2.5
143,措备,2021-01-05,-1.1,,3.2,1020.5,4.4
143,措备,2021-01-06,-4,,2.7,1016.7,2.4
143,措备,2021-01-07,-8.7,.2,5.3,1016.4,1.8
143,措备,2021-01-08,-10.4,,4.6,1016.8,0
143,措备,2021-01-09,-8,,4.2,1016.8,.5
143,措备,2021-01-10,-4.7,,2.3,1020.2,.5
143,措备,2021-01-11,-4.2,,1.2,1019,7.9
143,措备,2021-01-12,-1.5,,1.3,1011.7,1.4
143,措备,2021-01-13,3.6,,1.4,1009.8,.1
143,措备,2021-01-14,4.4,,1.2,1015,.6
143,措备,2021-01-15,8.3,,2,1009.8,7
143,措备,2021-01-16,1.7,,3.9,1015.7,3.4
143,措备,2021-01-17,-2.8,,3.4,1020.1,4
143,措备,2021-01-18,-1.9,0,2.4,1014.5,4.4
143,措备,2021-01-19,-2.6,,1.7,1024.4,0
143,措备,2021-01-20,-.8,,.9,1023.6,.9
143,措备,2021-01-21,4.5,1,.7,1017.5,6
143,措备,2021-01-22,8.2,.3,1,1012.5,9.6
143,措备,2021-01-23,9.3,.1,3.3,1013.1,9
143,措备,2021-01-24,8,0,1.6,1019,8
143,措备,2021-01-25,7.4,,2.2,1020.2,6.3
143,措备,2021-01-26,6.1,10.3,1.6,1012.9,9
143,措备,2021-01-27,5.8,,2.7,1015.1,5.9
143,措备,2021-01-28,1.2,0,4.1,1009.2,5.9
143,措备,2021-01-29,-4.4,,5.6,1017.7,0
143,措备,2021-01-30,.9,,2.1,1019.4,2.8
143,措备,2021-01-31,4.5,,1.2,1021.3,3.1
143,措备,2021-02-01,7.1,9.5,1.4,1009.7,9.6
143,措备,2021-02-02,-.4,,5.1,1016.5,.4
143,措备,2021-02-03,-1,,2.4,1018.8,1.4
143,措备,2021-02-04,1.4,0,3.1,1018.2,1.6
143,措备,2021-02-05,1.5,,1.1,1015.1,6.9
143,措备,2021-02-06,5.2,,1.1,1009.5,0
143,措备,2021-02-07,6.6,,2.2,1012.6,1.1
143,措备,2021-02-08,.4,,4.6,1018.9,.3
143,措备,2021-02-09,1.6,,3.5,1020.6,0
143,措备,2021-02-10,3.9,,1.9,1018.2,.8
143,措备,2021-02-11,5.8,,1.2,1018.7,8
143,措备,2021-02-12,7.7,,1,1017.6,4.5
143,措备,2021-02-13,8.6,,1,1017.1,0
143,措备,2021-02-14,7.7,4.3,1,1009.1,9.3
143,措备,2021-02-15,5.9,1.2,4.4,1002.3,4.8
143,措备,2021-02-16,-.1,0,4.1,1008.2,2.6
143,措备,2021-02-17,-4.8,,6.6,1009.8,3.3
143,措备,2021-02-18,-4.4,0,3.9,1014,1.8
143,措备,2021-02-19,4.3,,2.9,1010.7,0
143,措备,2021-02-20,11.3,,2.5,1003.7,0
143,措备,2021-02-21,14.3,,2.3,1004.4,0
143,措备,2021-02-22,13.7,,2.5,1006,.6
143,措备,2021-02-23,5.9,,3.2,1016.7,2.8
143,措备,2021-02-24,5.5,,2,1018.5,6.3
143,措备,2021-02-25,5,3.1,1.1,1017.3,9
143,措备,2021-02-26,8.3,,3.2,1017,8.4
143,措备,2021-02-27,6.7,,4.7,1023.8,7.9
143,措备,2021-02-28,7.4,1.1,1.1,1020.7,8.3
143,措备,2021-03-01,8.9,35.5,3,1008.1,9.9
143,措备,2021-03-02,2.6,9.6,1.7,1017.3,8.3
143,措备,2021-03-03,4.1,,1.2,1023.3,5
143,措备,2021-03-04,5.9,.9,.9,1018.3,8.5
143,措备,2021-03-05,10.6,,1.3,1013.2,6
143,措备,2021-03-06,6.2,,4,1021.2,8.3
143,措备,2021-03-07,5.5,,2.2,1022.2,8.3
143,措备,2021-03-08,6.3,,2.7,1020.5,.5
143,措备,2021-03-09,9,,2,1018,6.6
143,措备,2021-03-10,8.8,,3.5,1022.2,0
143,措备,2021-03-11,10,,1.1,1019.6,6.6
143,措备,2021-03-12,9,19.5,1.2,1013.9,9.4
143,措备,2021-03-13,9.8,,1.5,1014.2,2
143,措备,2021-03-14,10.5,,1.7,1012.9,2.6
143,措备,2021-03-15,12.5,,1.6,1010.1,5.6
143,措备,2021-03-16,14.9,,3.2,1006.7,3.6
143,措备,2021-03-17,10.5,,2.6,1012.5,2.5
143,措备,2021-03-18,10.4,,3.6,1014.3,2.9
143,措备,2021-03-19,11.2,,4.2,1014.2,7.3
143,措备,2021-03-20,9.9,5.3,2.3,1006.6,9.4
143,措备,2021-03-21,8.8,,5.3,1006.6,5.8
143,措备,2021-03-22,7.9,,4.7,1013.4,1.6
143,措备,2021-03-23,11.4,,2.2,1014.3,0
143,措备,2021-03-24,11.5,,1,1014,6.3
143,措备,2021-03-25,14.1,,1.6,1013.7,.8
143,措备,2021-03-26,15.3,,1.6,1014.5,4
143,措备,2021-03-27,12.7,18.4,2.2,1006.4,9
143,措备,2021-03-28,15.8,6,3.1,996.6,4.6
143,措备,2021-03-29,15.1,,3.1,1000.7,3.4
143,措备,2021-03-30,14.6,,2.6,1005,3
143,措备,2021-03-31,13.6,,2.1,1008.6,4.4
143,措备,2021-04-01,13.5,,5.2,1014.2,7.3
143,措备,2021-04-02,14.7,,4.5,1014.7,7.6
143,措备,2021-04-03,14.5,16.2,2.3,1007.3,9.8
143,措备,2021-04-04,9.7,19.3,3.7,1008.6,8.8
143,措备,2021-04-05,9.9,,2.3,1015.6,0
143,措备,2021-04-06,13.2,,2.3,1013,1.6
143,措备,2021-04-07,17.1,,2.2,1011.9,1.3
143,措备,2021-04-08,14.6,,2,1010.9,2.8
143,措备,2021-04-09,9.2,,3.5,1019.7,3
143,措备,2021-04-10,10.6,,2.3,1024.8,1.4
143,措备,2021-04-11,13.6,,1.9,1023.6,2
143,措备,2021-04-12,11.8,7.4,2,1013.9,9.8
143,措备,2021-04-13,15.1,0,3.5,1004.6,5.6
143,措备,2021-04-14,11.1,,3.8,1011.4,2.9
143,措备,2021-04-15,11.9,,1.5,1012.4,3.5
143,措备,2021-04-16,13.7,,1.6,1009.9,7
143,措备,2021-04-17,13.5,,3.5,1007,4
143,措备,2021-04-18,12.6,,3.9,1008.8,2.6
143,措备,2021-04-19,16.6,,3.5,1009.9,0
143,措备,2021-04-20,18.9,,3,1013.3,2.5
143,措备,2021-04-21,19.9,,1.6,1015.1,4.5
143,措备,2021-04-22,20.2,,3,1013.5,7.9
143,措备,2021-04-23,15.8,0,4.4,1014.4,9.5
143,措备,2021-04-24,16.7,,3.3,1013.5,7.4
143,措备,2021-04-25,14.4,,4.3,1014.4,2.3
143,措备,2021-04-26,13.6,,2.3,1016,3.5
143,措备,2021-04-27,15.8,,1.5,1012.3,7.6
143,措备,2021-04-28,18.1,,1.9,1009.3,7.4
143,措备,2021-04-29,18.3,0,2.5,999.9,7.3
143,措备,2021-04-30,16.9,.1,4.1,997.5,5.4
143,措备,2021-05-01,12.1,3.7,3.9,998.7,7.6
143,措备,2021-05-02,13.6,.5,3.2,1008.6,5.5
143,措备,2021-05-03,16.5,,1.8,1011.3,2.6
143,措备,2021-05-04,17,8.9,1.6,1005.4,9.8
143,措备,2021-05-05,18.5,1.2,4.1,1005.4,3.9
143,措备,2021-05-06,16.9,,1.3,1010.1,4.9
143,措备,2021-05-07,18.1,,2.4,1000.8,6.9
143,措备,2021-05-08,18.1,,2.9,998.3,.8
143,措备,2021-05-09,19,,3.9,1002.9,1.3
143,措备,2021-05-10,13.8,1.8,1.3,1007.4,9.1
143,措备,2021-05-11,15.1,1.3,3.1,1009.2,9.8
143,措备,2021-05-12,17.3,,4.3,1007.2,4.4
143,措备,2021-05-13,20.4,,2.2,1005.5,2.6
143,措备,2021-05-14,22,,2.4,1005.8,6.5
143,措备,2021-05-15,19.9,8.7,1.7,1001.7,9.9
143,措备,2021-05-16,20.1,24.7,2.1,996.1,10
143,措备,2021-05-17,14.4,11.4,3.6,1000.7,9.8
143,措备,2021-05-18,17.7,.1,1.3,1004.2,7
143,措备,2021-05-19,22.5,,1.5,1004.7,5.6
143,措备,2021-05-20,16.3,12.2,2.6,999,9.9
143,措备,2021-05-21,17.6,0,2.7,999.1,8.9
143,措备,2021-05-22,21,,2.8,1003.2,.3
143,措备,2021-05-23,23.6,,1.5,1003.6,5
143,措备,2021-05-24,22.3,.7,2.4,1000.7,6.6
143,措备,2021-05-25,18,0,3.1,1000.7,4.1
143,措备,2021-05-26,18,,1.3,1003.1,8.8
143,措备,2021-05-27,18.9,,2.5,996,5.9
143,措备,2021-05-28,16.7,13.8,1.8,995.5,2.6
143,措备,2021-05-29,20.4,,2.8,999.6,3.9
143,措备,2021-05-30,20.6,,1.7,1003.2,2.6
143,措备,2021-05-31,20.7,1.9,2.2,1005.8,5.9
143,措备,2021-06-01,22.8,,2.1,1008.1,4.6
143,措备,2021-06-02,23.8,,1.4,1006.9,6.1
143,措备,2021-06-03,18.7,17.5,1.7,998.5,9.3
143,措备,2021-06-04,21.3,3.8,2.7,995.5,6.4
143,措备,2021-06-05,23.1,,2.1,995.8,4.4
143,措备,2021-06-06,23.9,.2,1.3,1001.1,3.5
143,措备,2021-06-07,25.3,,1.3,1007.2,4
143,措备,2021-06-08,25.4,,1.8,1009,4.9
143,措备,2021-06-09,25.3,,2.6,1009.4,3.5
143,措备,2021-06-10,24.2,0,2.6,1007.2,7.8
143,措备,2021-06-11,22.1,5.5,1.4,1004.8,8
143,措备,2021-06-12,24.1,,2.4,1005.6,8.9
143,措备,2021-06-13,25.4,.1,2.2,1002,7
143,措备,2021-06-14,23.9,,2.9,1000.4,8.1
143,措备,2021-06-15,21.4,3,2.9,998.8,9.8
143,措备,2021-06-16,20.4,.5,3.5,999.7,9.5
143,措备,2021-06-17,20,.1,2.5,1000.9,9.5
143,措备,2021-06-18,22.3,3,1.3,995.5,8.5
143,措备,2021-06-19,25.3,,1.8,994.6,3.9
143,措备,2021-06-20,25.9,,2,995.4,4
143,措备,2021-06-21,23.9,,3.1,998.3,4.1
143,措备,2021-06-22,20.7,3.5,3.4,1003.7,7.4
143,措备,2021-06-23,20.4,.2,3.4,1005.4,9
143,措备,2021-06-24,23,,1.8,1005.5,7.5
143,措备,2021-06-25,23.5,14.7,1.5,1004.6,4.5
143,措备,2021-06-26,22.8,2,1.3,1004.4,8.5
143,措备,2021-06-27,24,,3.3,1001.6,4.8
143,措备,2021-06-28,23.9,,3.2,999.5,6.1
143,措备,2021-06-29,24.6,1,1.9,999.8,7.6
143,措备,2021-06-30,24.4,0,2.3,1001.2,7.1
143,措备,2021-07-01,25.1,,2.9,1001,3.9
143,措备,2021-07-02,24,,3.8,1003.6,5
143,措备,2021-07-03,22.7,22.1,3.9,1002.1,8.8
143,措备,2021-07-04,27.8,4.6,2.9,998.6,7.9
143,措备,2021-07-05,23.8,16.8,1.7,1003.8,9.3
143,措备,2021-07-06,22.6,18.2,1.2,1001.8,10
143,措备,2021-07-07,24.2,39.7,.7,1001.7,9.6
143,措备,2021-07-08,24.9,14.9,2,999.6,9.3
143,措备,2021-07-09,24.7,15.7,2,999.5,8.5
143,措备,2021-07-10,25.6,2.6,1.4,1002.1,7.3
143,措备,2021-07-11,25.7,3.5,1.6,1004.4,5.9
143,措备,2021-07-12,27.3,5.4,1.2,1004.3,6.1
143,措备,2021-07-13,28.7,,1.1,1004.7,5.6
143,措备,2021-07-14,29.9,,1.1,1006.5,5.4
143,措备,2021-07-15,27.5,3.6,1.8,1008.7,6
143,措备,2021-07-16,27.1,,2.6,1008.8,5.8
143,措备,2021-07-17,26.7,0,2.8,1006.7,7.1
143,措备,2021-07-18,26.7,.3,2.1,1006.1,6.6
143,措备,2021-07-19,27.2,.5,1.3,1007.5,7.9
143,措备,2021-07-20,28.8,0,2,1008.4,8.1
143,措备,2021-07-21,27.5,,2.9,1007.2,7.3
143,措备,2021-07-22,28,,3.2,1005.7,7.6
143,措备,2021-07-23,27.8,,2.6,1003.9,7.1
143,措备,2021-07-24,28.1,,3,1003,8.1
143,措备,2021-07-25,28,,2.4,1001.5,7.1
143,措备,2021-07-26,28.5,,2.6,999.2,2.3
143,措备,2021-07-27,28.1,,2.6,997.6,3
143,措备,2021-07-28,28.2,,2.3,997.3,1.8
143,措备,2021-07-29,29.5,0,1.5,996.1,5.3
143,措备,2021-07-30,30.6,,1.3,994.9,6
143,措备,2021-07-31,29.9,5.4,1.5,994.5,6.6
143,措备,2021-08-01,28.1,26.2,1.4,995,7.8
143,措备,2021-08-02,27.7,0,1.3,997.5,7.3
143,措备,2021-08-03,29,0,1.3,1002,6
143,措备,2021-08-04,30.1,,1.1,1002.8,2.6
143,措备,2021-08-05,30.8,,1.4,999.8,3
143,措备,2021-08-06,30.2,,1.8,997.1,3.1
143,措备,2021-08-07,29.1,13.2,1.6,996.6,6.1
143,措备,2021-08-08,25.4,1.2,1.8,996.7,9.6
143,措备,2021-08-09,27.4,.3,2.5,996.5,7
143,措备,2021-08-10,23.5,13.6,2.4,1003.2,8
143,措备,2021-08-11,25.6,8.9,1.4,1004.6,6.3
143,措备,2021-08-12,26.1,0,2.4,1003.8,6.8
143,措备,2021-08-13,25.7,0,2.3,1000.3,7.9
143,措备,2021-08-14,23.3,13.6,1.4,1001.6,8.8
143,措备,2021-08-15,23.5,.8,1.7,1008.3,8.1
143,措备,2021-08-16,23.5,0,2.2,1008.9,8.1
143,措备,2021-08-17,23.6,.2,1.5,1003.3,8.9
143,措备,2021-08-18,23.1,1.3,1.8,1003.9,8.4
143,措备,2021-08-19,24.3,1,1.3,1005.5,7.6
143,措备,2021-08-20,25,,1.8,1006.8,4.5
143,措备,2021-08-21,23.1,30.9,2.3,1000.3,8.6
143,措备,2021-08-22,26.1,,1.4,1002.5,7.6
143,措备,2021-08-23,23.1,26.3,1.6,1003.2,9.9
143,措备,2021-08-24,24.4,69,1.6,995.3,9.1
143,措备,2021-08-25,25.3,7.7,1.1,1001,8.6
143,措备,2021-08-26,27.4,6,1.2,1006.3,5.3
143,措备,2021-08-27,23.7,13.7,1.2,1006.5,8
143,措备,2021-08-28,25.6,,1.4,1007.6,4.6
143,措备,2021-08-29,23.6,7,1.3,1007.4,8.4
143,措备,2021-08-30,25.2,.2,1.2,1009.3,8.4
143,措备,2021-08-31,24.4,15.2,1.9,1008.5,8.9
143,措备,2021-09-01,21.9,40.7,2.4,1003.4,9.9
143,措备,2021-09-02,21.8,1.2,2.5,1004.4,9.4
143,措备,2021-09-03,20.5,3.8,1.4,1004.2,9.1
143,措备,2021-09-04,22.4,,2,1009.2,7.4
143,措备,2021-09-05,21.8,.4,1.7,1012.3,8.8
143,措备,2021-09-06,21.8,4.8,2.3,1011.6,9.8
143,措备,2021-09-07,22.2,0,1.2,1003.7,8.9
143,措备,2021-09-08,23.7,,1.7,1003.8,4.5
143,措备,2021-09-09,23.7,,.9,1007.8,7.6
143,措备,2021-09-10,22.6,,.9,1007.7,7
143,措备,2021-09-11,23.8,,1,1006.6,1.5
143,措备,2021-09-12,24.3,,2,1007.2,5.1
143,措备,2021-09-13,23.1,,3.4,1011.6,8.9
143,措备,2021-09-14,22.5,,3.5,1009.7,8.6
143,措备,2021-09-15,22.7,,3.9,1010.3,4.5
143,措备,2021-09-16,22.2,0,2.9,1007,6.9
143,措备,2021-09-17,20.5,4.1,2.5,1003.2,9.3
143,措备,2021-09-18,21.5,,1.6,1008.5,4.4
143,措备,2021-09-19,21.7,,2.1,1010.4,2.5
143,措备,2021-09-20,21.7,,2.6,1007.1,4.8
143,措备,2021-09-21,22.9,9,1.5,1000.5,5.8
143,措备,2021-09-22,24.1,,2.2,1002.8,1.5
143,措备,2021-09-23,21.6,,2.2,1010.6,2.5
143,措备,2021-09-24,19.7,,1.9,1016.6,4.3
143,措备,2021-09-25,20.6,1.2,1.7,1016.7,8.9
143,措备,2021-09-26,20.5,,2,1014.6,7.6
143,措备,2021-09-27,20.4,,1.8,1010.5,8.3
143,措备,2021-09-28,21.8,,2,1007.5,9.1
143,措备,2021-09-29,22.4,11.3,1.2,1002.7,9.8
143,措备,2021-09-30,21.9,7.6,2,1002.4,4.4
143,措备,2021-10-01,21.6,,1.1,1002.8,.6
143,措备,2021-10-02,22.3,,1.3,1007.8,.6
143,措备,2021-10-03,22.4,,1.3,1014.1,1.5
143,措备,2021-10-04,24.3,,1.3,1014.9,5.6
143,措备,2021-10-05,24,,1.7,1014.7,3.8
143,措备,2021-10-06,22.1,,2.5,1013.7,6.4
143,措备,2021-10-07,23.3,,1.3,1010.7,5.5
143,措备,2021-10-08,22.2,0,2.7,1014.5,9.3
143,措备,2021-10-09,23.4,,1.8,1016,6.5
143,措备,2021-10-10,25.1,.2,1.4,1011.7,4.9
143,措备,2021-10-11,17.8,23.1,2,1013.9,9.9
143,措备,2021-10-12,15.9,10.6,1.9,1019.2,10
143,措备,2021-10-13,18.2,.6,1.5,1018.5,8.6
143,措备,2021-10-14,19.6,,1.2,1013.1,2.4
143,措备,2021-10-15,19.2,10.5,1.3,1011,7.1
143,措备,2021-10-16,14.3,12.8,3.3,1013.7,9.1
143,措备,2021-10-17,7.9,,2.7,1019.7,.4
143,措备,2021-10-18,9.2,,1,1017.3,1.6
143,措备,2021-10-19,11.6,,2,1012.6,4.1
143,措备,2021-10-20,10.7,,1,1014.5,1.8
143,措备,2021-10-21,11.4,,1.2,1012.7,5
143,措备,2021-10-22,11.8,0,1.9,1014.9,2
143,措备,2021-10-23,11.7,,1,1021.7,.3
143,措备,2021-10-24,11.8,,.9,1019.8,5.9
143,措备,2021-10-25,12.4,,1.1,1016,1.8
143,措备,2021-10-26,12,,1,1013.8,4.1
143,措备,2021-10-27,14.1,,1.3,1012.7,2.6
143,措备,2021-10-28,13.9,,1.8,1016.6,1
143,措备,2021-10-29,12.8,,1.7,1019.4,3.9
143,措备,2021-10-30,11.8,,.7,1018.3,6.6
143,措备,2021-10-31,12.8,,.9,1017.7,.3
143,措备,2021-11-01,14.3,,1.5,1016.6,3.5
143,措备,2021-11-02,13,,1.7,1014.6,2.8
143,措备,2021-11-03,12.2,,1.4,1012.5,1.3
143,措备,2021-11-04,12.3,,1.1,1013.3,.1
143,措备,2021-11-05,12.5,,1.4,1015,2.8
143,措备,2021-11-06,13,,1.7,1014.8,.4
143,措备,2021-11-07,14.2,,1.9,1014.4,5
143,措备,2021-11-08,10.9,26.8,2.9,1005.7,6.4
143,措备,2021-11-09,9,0,2.7,1004.6,7.6
143,措备,2021-11-10,8.1,.4,3.1,1001.5,7.3
143,措备,2021-11-11,8.7,0,3.5,1004.9,3.4
143,措备,2021-11-12,7.4,,3.8,1010.4,4.3
143,措备,2021-11-13,7.8,,1.1,1012.7,.4
143,措备,2021-11-14,9.6,,.9,1012.5,.4
143,措备,2021-11-15,9.7,,1,1015.1,2.1
143,措备,2021-11-16,9.3,,1.3,1017.3,1.6
143,措备,2021-11-17,9.6,,1.4,1016.9,3.3
143,措备,2021-11-18,10.5,,.9,1012.9,1.3
143,措备,2021-11-19,11,,1.2,1012.1,1.8
143,措备,2021-11-20,10.7,,.9,1014.3,.8
143,措备,2021-11-21,11.4,,.9,1010.7,8.1
143,措备,2021-11-22,7.4,.4,4.6,1007.4,6.8
143,措备,2021-11-23,4.4,,4.4,1010.5,3.8
143,措备,2021-11-24,7.7,,3.1,1011,2.4
143,措备,2021-11-25,9,,2,1011.2,1.4
143,措备,2021-11-26,7.2,,3.1,1019.2,0
143,措备,2021-11-27,5.9,,1.5,1027.1,0
143,措备,2021-11-28,5.2,,1,1027.4,3.3
143,措备,2021-11-29,7.2,,.9,1020.4,2.8
143,措备,2021-11-30,5.7,15.5,2.3,1005.7,8
143,措备,2021-12-01,2.4,,6.3,1012.9,.5
143,措备,2021-12-02,2.6,,2.3,1013.6,1
143,措备,2021-12-03,4.8,0,2.9,1011.4,2.8
143,措备,2021-12-04,4.2,,3.1,1019.1,2.4
143,措备,2021-12-05,3.7,,.8,1022.6,.3
143,措备,2021-12-06,5.1,,.7,1020.2,6.3
143,措备,2021-12-07,7.5,,1.2,1021.2,1
143,措备,2021-12-08,6.6,,.9,1025.5,0
143,措备,2021-12-09,6.5,,.9,1023.5,5.1
143,措备,2021-12-10,8,,1.1,1018.6,5.6
143,措备,2021-12-11,8.9,,1.5,1018.3,5.9
143,措备,2021-12-12,6.6,,4.1,1016.6,3.1
143,措备,2021-12-13,.5,,3.5,1020,0
143,措备,2021-12-14,3.7,,2,1015.7,2.4
143,措备,2021-12-15,6.1,,1,1014.7,1.1
143,措备,2021-12-16,6.3,.1,.9,1011.6,9
143,措备,2021-12-17,.5,,6.3,1013.7,3.9
143,措备,2021-12-18,-3.4,,2.6,1019.3,.9
143,措备,2021-12-19,1.2,0,3,1015.3,2
143,措备,2021-12-20,4.8,,1.5,1012.3,2.8
143,措备,2021-12-21,6.3,,1,1010.4,0
143,措备,2021-12-22,4.3,,1.1,1015.4,0
143,措备,2021-12-23,3.3,,1,1017.5,1.9
143,措备,2021-12-24,4.2,,2,1014.2,6.1
143,措备,2021-12-25,-4.7,,5.1,1021.2,0
143,措备,2021-12-26,-7.1,,4.6,1025.1,0
143,措备,2021-12-27,-2.1,,3.7,1023.1,2
143,措备,2021-12-28,2.1,,1.2,1020.6,5.3
143,措备,2021-12-29,3.5,,2,1013.2,6.3
143,措备,2021-12-30,1.1,0,4.9,1016.5,3.4
143,措备,2021-12-31,-2.5,,4.6,1022.4,0
143,措备,2022-01-01,-2.3,,1.6,1023.2,1.9
143,措备,2022-01-02,.6,,1.7,1019.2,2.1
143,措备,2022-01-03,-.2,,1.6,1018.7,1
143,措备,2022-01-04,1.9,,2,1019.5,1.9
143,措备,2022-01-05,.6,,.8,1020.3,8.6
143,措备,2022-01-06,2.9,,2.3,1020.2,1.5
143,措备,2022-01-07,.1,,1.1,1022.1,0
143,措备,2022-01-08,1.4,,1.7,1017.2,.8
143,措备,2022-01-09,2,,.9,1015.3,5.3
143,措备,2022-01-10,3,,1.4,1012.8,4.9
143,措备,2022-01-11,-.9,0,5,1010.6,2.8
143,措备,2022-01-12,-3.2,,3.6,1014.6,2
143,措备,2022-01-13,-2.8,0,5,1012.6,.9
143,措备,2022-01-14,-2.6,,2.6,1018,1.5
143,措备,2022-01-15,1,,1.3,1016.1,4.5
143,措备,2022-01-16,1.9,0,2.8,1016.2,3.5
143,措备,2022-01-17,-.4,,4.2,1018.7,4
143,措备,2022-01-18,-2.5,,2.9,1020.4,0
143,措备,2022-01-19,-.7,0,2.1,1016.8,3.8
143,措备,2022-01-20,-1.1,,2,1020.5,0
143,措备,2022-01-21,-1,,1,1023.6,1.5
143,措备,2022-01-22,2.3,,1.1,1019.8,6
143,措备,2022-01-23,6.4,,1.5,1014.3,7.8
143,措备,2022-01-24,4.9,,2.7,1016,7.3
143,措备,2022-01-25,4.5,0,1.3,1014.8,9.1
143,措备,2022-01-26,3.8,,2.6,1017.1,3.4
143,措备,2022-01-27,3.2,,1.9,1016.5,2.3
143,措备,2022-01-28,2.3,,3.2,1016.1,5.5
143,措备,2022-01-29,1,,3.4,1013.8,6.3
143,措备,2022-01-30,1.1,,2.6,1013.9,4.1
143,措备,2022-01-31,1.3,,2.1,1016.9,.3
143,措备,2022-02-01,1.9,,3.8,1017.6,4.4
143,措备,2022-02-02,.7,,3.3,1020.2,4.6
143,措备,2022-02-03,.4,,2.7,1018.9,3.8
143,措备,2022-02-04,-.6,,4.4,1016.7,1.9
143,措备,2022-02-05,-3,,5.6,1017.7,1.6
143,措备,2022-02-06,-1.1,,4.4,1020.4,2.1
143,措备,2022-02-07,.2,,3,1020.6,6.3
143,措备,2022-02-08,1.5,,2.1,1020,4.4
143,措备,2022-02-09,2.6,,1,1018.3,5.1
143,措备,2022-02-10,5.3,,1.9,1015.1,2.8
143,措备,2022-02-11,3.5,,1.3,1018.7,1.5
143,措备,2022-02-12,4.8,,2.1,1018,2
143,措备,2022-02-13,5.4,,1.9,1014.9,7.3
143,措备,2022-02-14,7.3,,1.8,1012.7,5.5
143,措备,2022-02-15,.4,,5.1,1012.6,1.4
143,措备,2022-02-16,-3.6,,5,1015,2.4
143,措备,2022-02-17,-4.3,,3.1,1020.3,.1
143,措备,2022-02-18,-.8,,1.1,1023,4.6
143,措备,2022-02-19,2.4,,2.3,1015.1,7.3
143,措备,2022-02-20,-2.2,0,4.5,1017.8,.9
143,措备,2022-02-21,1.2,,3.4,1020.9,1.3
143,措备,2022-02-22,-.4,0,4.4,1023.5,1.9
143,措备,2022-02-23,-2.3,,3.5,1024.3,4.3
143,措备,2022-02-24,.5,,3.7,1022.6,0
143,措备,2022-02-25,5,,2.9,1019.7,0
143,措备,2022-02-26,6.8,.1,2.5,1012.3,3.1
143,措备,2022-02-27,6.3,0,3.5,1014.8,0
143,措备,2022-02-28,7,,1.2,1014.7,4.6
143,措备,2022-03-01,9.9,0,2.5,1007.3,5.3
143,措备,2022-03-02,6.2,,3.7,1010.1,1
143,措备,2022-03-03,7.7,,1.8,1011.3,0
143,措备,2022-03-04,8.8,,1.8,1007,4.8
143,措备,2022-03-05,6.9,,5.3,1006.9,0
143,措备,2022-03-06,4,,3.5,1013.6,1.8
143,措备,2022-03-07,5.2,,1.6,1013.5,4.4
143,措备,2022-03-08,8.1,,1.3,1012,.9
143,措备,2022-03-09,9.1,,1.6,1014.9,0
143,措备,2022-03-10,10.5,,1.4,1014.4,6.1
143,措备,2022-03-11,12.5,,1.3,1011.7,4.1
143,措备,2022-03-12,14.7,,1.8,1009.7,4.3
143,措备,2022-03-13,15.1,2.1,1.5,1005.3,9.8
143,措备,2022-03-14,10.8,,3.9,1005.8,8.4
143,措备,2022-03-15,11.7,,1.8,1007.1,1.5
143,措备,2022-03-16,14.4,,1.5,1008.9,1.8
143,措备,2022-03-17,8.8,6.1,4.6,1014,10
143,措备,2022-03-18,6.1,8.5,4.2,1005.1,9.1
143,措备,2022-03-19,4.9,4.2,1.8,1003.4,8.8
143,措备,2022-03-20,6.6,,1.6,1012.1,8.1
143,措备,2022-03-21,8.3,,2,1016.4,7.6
143,措备,2022-03-22,8.7,,3,1014.8,5.6
143,措备,2022-03-23,6.8,0,1.7,1011.8,5.6
143,措备,2022-03-24,9.1,,1.1,1013.9,2
143,措备,2022-03-25,13.5,1.6,1.9,1011.1,9.1
143,措备,2022-03-26,14.7,11.7,3.8,996.4,8
143,措备,2022-03-27,13.1,,3.7,1007.9,6.5
143,措备,2022-03-28,9,,2.2,1019.4,5.1
143,措备,2022-03-29,10.8,,1.3,1018.3,.5
143,措备,2022-03-30,14.8,,1.7,1013.7,6.1
143,措备,2022-03-31,10.5,.1,4.8,1017.1,8.8
143,措备,2022-04-01,8.8,.3,2.1,1022.5,2.4
143,措备,2022-04-02,10.2,,1.5,1020.3,.9
143,措备,2022-04-03,11.3,,1.7,1020.7,.3
143,措备,2022-04-04,13.2,,1.4,1020.3,0
143,措备,2022-04-05,14.4,,2,1014.8,6.5
143,措备,2022-04-06,16,,2.2,1013.3,.5
143,措备,2022-04-07,14.4,2.4,2.7,1010.5,2.6
143,措备,2022-04-08,15.7,,1.6,1012.7,0
143,措备,2022-04-09,18.6,,1.7,1009.2,.1
143,措备,2022-04-10,19.5,,1.6,1010.2,4.4
143,措备,2022-04-11,20.3,,1.7,1007.5,3
143,措备,2022-04-12,22.5,,1.4,1004.1,3
143,措备,2022-04-13,12.2,,5.4,1009.6,9.8
143,措备,2022-04-14,10.9,0,3.7,1012.4,9.3
143,措备,2022-04-15,12.1,,3.2,1010.9,7.3
143,措备,2022-04-16,13.5,,1.9,1010.7,2.4
143,措备,2022-04-17,15.6,,1.8,1011.3,2.4
143,措备,2022-04-18,18.1,,2,1010.8,6
143,措备,2022-04-19,18.4,,2.2,1010.2,1.5
143,措备,2022-04-20,18.2,,1.6,1009.1,.5
143,措备,2022-04-21,14.3,.2,1.1,1007.1,5.9
143,措备,2022-04-22,19,,2.1,1004.4,3.4
143,措备,2022-04-23,19.1,,2.6,1006.3,7.5
143,措备,2022-04-24,22,,1.8,1004,1.6
143,措备,2022-04-25,21.7,2.5,1.7,1004.7,5.5
143,措备,2022-04-26,18.3,20.3,1.6,996.8,8.6
143,措备,2022-04-27,17.2,,3.7,1008.4,4
143,措备,2022-04-28,15.7,,3.7,1010.9,4.9
143,措备,2022-04-29,11.3,12.8,2.6,1010.3,8.8
143,措备,2022-04-30,14.5,,2.1,1010.9,7.6
143,措备,2022-05-01,15.2,,3.2,1007,2.1
143,措备,2022-05-02,13.1,1.2,2.1,1007.7,3.1
143,措备,2022-05-03,15.2,,1.5,1012.8,1.1
143,措备,2022-05-04,19,,1.7,1012.7,0
143,措备,2022-05-05,20,,1.5,1012.4,0
143,措备,2022-05-06,21.2,,1.5,1009.6,1.9
143,措备,2022-05-07,18.9,,3.7,1010.6,6.3
143,措备,2022-05-08,16.4,,3.7,1012.8,7.6
143,措备,2022-05-09,16.2,.4,3,1012.5,7
143,措备,2022-05-10,16.5,,2.9,1011,6.9
143,措备,2022-05-11,20.7,0,1.7,1008.5,6.9
143,措备,2022-05-12,20.2,,3.1,1005.2,8.1
143,措备,2022-05-13,15.7,2.6,3,1002.2,8.8
143,措备,2022-05-14,17.9,,3.1,1005.1,4.5
143,措备,2022-05-15,17.1,,2.4,1007,4
143,措备,2022-05-16,18.5,,2,1005.8,2.1
143,措备,2022-05-17,20.4,,1.5,1007.9,1.8
143,措备,2022-05-18,23.3,,2.1,1010.6,.3
143,措备,2022-05-19,23,,2,1010.6,6.5
143,措备,2022-05-20,22.8,,1.9,1006.9,5.1
143,措备,2022-05-21,23.7,,3.1,1002.1,.6
143,措备,2022-05-22,24.8,,3.7,1000.9,.9
143,措备,2022-05-23,24.3,,2.1,1005.5,4
143,措备,2022-05-24,26.4,,2,1006.5,1.5
143,措备,2022-05-25,25.5,,1.8,1001.5,3.9
143,措备,2022-05-26,22.9,,3.4,997.8,3.1
143,措备,2022-05-27,23.8,,4.1,994.8,.1
143,措备,2022-05-28,24.9,,1.9,999.4,4
143,措备,2022-05-29,24.9,,1.7,999.1,3.1
143,措备,2022-05-30,24.3,0,2.1,995.3,9.3
143,措备,2022-05-31,24.7,,2.9,1001.1,2
143,措备,2022-06-01,24.7,,1.7,999.9,4.3
143,措备,2022-06-02,26.1,,2.3,1000.2,.6
143,措备,2022-06-03,23.5,,3.9,1004.2,1.4
143,措备,2022-06-04,22.1,,3.7,1005.5,5.3
143,措备,2022-06-05,18,32.2,2.7,998.1,9.9
143,措备,2022-06-06,18.7,.8,1.9,994.9,8.1
143,措备,2022-06-07,16.5,1.1,2.9,1002.8,8.4
143,措备,2022-06-08,17.5,0,2.5,1006.6,6.9
143,措备,2022-06-09,20.4,,2,1007.6,4.9
143,措备,2022-06-10,22.7,,1.5,1007.7,5.5
143,措备,2022-06-11,21.4,,3.4,1006.7,5.1
143,措备,2022-06-12,20.7,,3.2,1007.7,5
143,措备,2022-06-13,19.9,,4.2,1004.9,9.4
143,措备,2022-06-14,16.9,3.1,2.7,1003.4,9.6
143,措备,2022-06-15,19.7,3.7,1,1000.9,8.5
143,措备,2022-06-16,23.2,,1.8,1001.3,4.1
143,措备,2022-06-17,25.9,,1.5,1001.6,3.6
143,措备,2022-06-18,27.9,,2.1,1000.5,5
143,措备,2022-06-19,28.9,,2.2,1000.5,3.9
143,措备,2022-06-20,28.6,2.2,1.9,997.9,3.9
143,措备,2022-06-21,27.8,,2.3,997.5,3.5
143,措备,2022-06-22,29.9,,1.6,1000.3,2.9
143,措备,2022-06-23,27.9,.2,2,996.7,8.1
143,措备,2022-06-24,28.1,32.4,3.1,992.4,5.8
143,措备,2022-06-25,28.2,,2.4,999.6,4.1
143,措备,2022-06-26,28.4,,1.7,1004.3,7.1
143,措备,2022-06-27,27.3,5.4,1.8,1003.9,9.6
143,措备,2022-06-28,28.9,.7,2.6,1000.6,7.9
143,措备,2022-06-29,29.5,0,2.4,1001,8.1
143,措备,2022-06-30,29.8,,1.9,1005.4,5.4
143,措备,2022-07-01,29.8,,1.4,1008.4,2.5
143,措备,2022-07-02,29.9,,2,1006.6,3.4
143,措备,2022-07-03,29.3,1,1.6,1002.8,7
143,措备,2022-07-04,28.8,0,1.4,999.7,6.6
143,措备,2022-07-05,28.8,0,1.8,999.4,7.9
143,措备,2022-07-06,28.5,2.9,2.3,1002.5,7.5
143,措备,2022-07-07,29.7,,2.2,1001.7,7.6
143,措备,2022-07-08,28.5,17.2,1.3,996.5,7.9
143,措备,2022-07-09,28.7,,2.3,996,5
143,措备,2022-07-10,28.1,,2.7,999.5,6.4
143,措备,2022-07-11,26.4,9.5,1.4,1000.2,8.9
143,措备,2022-07-12,25.6,,3.8,1002.9,8.6
143,措备,2022-07-13,24.4,15.2,2.2,999.9,10
143,措备,2022-07-14,28.2,,1.7,993.6,7.3
143,措备,2022-07-15,28.3,,1.9,993.3,3.5
143,措备,2022-07-16,26.8,,1.9,992.6,4.6
143,措备,2022-07-17,27.3,,1.9,994.7,7.3
143,措备,2022-07-18,22.9,34,1.5,994.6,10
143,措备,2022-07-19,27.6,.2,1.5,996.1,7.5
143,措备,2022-07-20,29.4,,2.2,999.9,7.4
143,措备,2022-07-21,26,5,2.8,995.7,8.4
143,措备,2022-07-22,25.8,,2.9,999.5,6.9
143,措备,2022-07-23,24.9,0,2.1,1000.2,9.5
143,措备,2022-07-24,27.4,1.1,2.2,996.9,7.3
143,措备,2022-07-25,28.8,,2.1,1002.1,5.9
143,措备,2022-07-26,26.9,,2.9,1004.2,3.5
143,措备,2022-07-27,25.6,,3.3,1005.2,4.8
143,措备,2022-07-28,26.2,0,2.9,1006.3,7.5
143,措备,2022-07-29,28.7,,3.3,1006.9,3.4
143,措备,2022-07-30,27.8,0,4,1004.3,7.8
143,措备,2022-07-31,27.1,2.7,2.5,1001.7,9.9
143,措备,2022-08-01,29.4,0,2.2,1001.6,9
143,措备,2022-08-02,27.9,4.7,1,1004.4,8.5
143,措备,2022-08-03,30.6,.5,2.1,1004.3,6
143,措备,2022-08-04,30.7,0,2.4,1003.2,5.9
143,措备,2022-08-05,30.8,,1.9,1000.4,6
143,措备,2022-08-06,31.6,,1.7,999.8,3.1
143,措备,2022-08-07,31.5,,1.8,1001.1,5.8
143,措备,2022-08-08,30.5,,2.1,1002,8.6
143,措备,2022-08-09,29.8,0,1.7,1001.8,9
143,措备,2022-08-10,28.2,.3,1.2,1001,9.8
143,措备,2022-08-11,26.5,4.1,.9,999.7,9.5
143,措备,2022-08-12,29.7,3.2,1.6,999.7,5.4
143,措备,2022-08-13,26.4,6.6,1.5,1000.6,7.6
143,措备,2022-08-14,29.8,0,1.6,1000.4,7.1
143,措备,2022-08-15,30.9,0,1.9,997.3,8
143,措备,2022-08-16,25.7,39.8,1.1,998.6,9.6
143,措备,2022-08-17,25.7,22.8,2.2,1000.4,7.4
143,措备,2022-08-18,26.8,,1.2,1001.6,6.3
143,措备,2022-08-19,28.2,,1.5,998,7.5
143,措备,2022-08-20,26.4,10.3,1.6,996.8,8
143,措备,2022-08-21,26,,3.2,999.9,3.1
143,措备,2022-08-22,26.8,,1.4,998.8,3.9
143,措备,2022-08-23,25.4,6.8,1.5,1000.1,9.6
143,措备,2022-08-24,21.5,4.6,2.7,1003.1,9.4
143,措备,2022-08-25,24.5,.1,1.4,1001.3,6.9
143,措备,2022-08-26,25.1,0,2.2,1001.1,5.3
143,措备,2022-08-27,23.2,,1.7,1003.5,5.6
143,措备,2022-08-28,21.4,,2.4,1009.4,4.6
143,措备,2022-08-29,21.5,0,1.1,1009.8,9.4
143,措备,2022-08-30,20.9,26.2,1.5,1005.1,9.6
143,措备,2022-08-31,21.3,13.3,1.2,1002.2,9.6
143,措备,2022-09-01,21.6,,1.5,1007.7,8.1
143,措备,2022-09-02,21.5,.3,1.9,1010.1,9.6
143,措备,2022-09-03,22.2,.1,3.1,1009,9.8
143,措备,2022-09-04,25.4,.4,2.7,1004.6,8.9
143,措备,2022-09-05,24.9,31.7,2.6,998.4,9.6
143,措备,2022-09-06,22.6,81.1,4.2,995.6,5.3
143,措备,2022-09-07,22.4,,1.5,1010.5,2.4
143,措备,2022-09-08,21.7,,2.2,1011.9,4
143,措备,2022-09-09,21.5,,2.6,1012.1,5.4
143,措备,2022-09-10,21,,1.9,1011.9,7.3
143,措备,2022-09-11,22.7,,2.4,1009.3,6.3
143,措备,2022-09-12,21.7,.3,1.4,1008.7,8.9
143,措备,2022-09-13,23.7,0,3.2,1010,8.8
143,措备,2022-09-14,23.4,0,4.1,1010.7,7.5
143,措备,2022-09-15,23.5,,4.6,1007.3,6.3
143,措备,2022-09-16,24.7,,2.9,1003.8,6.5
143,措备,2022-09-17,26.2,.3,1.5,1002.2,7.4
143,措备,2022-09-18,26.6,0,2.2,995.7,9.5
143,措备,2022-09-19,25.1,0,3.1,991.8,6.8
143,措备,2022-09-20,19.2,,3.2,1007.5,4.3
143,措备,2022-09-21,17.2,,2.3,1012.1,1.3
143,措备,2022-09-22,18.6,,1.7,1009.6,5
143,措备,2022-09-23,20.8,,2.6,1006.4,3.4
143,措备,2022-09-24,19.2,,2.6,1010.3,4.3
143,措备,2022-09-25,18.6,,1.2,1010.5,9
143,措备,2022-09-26,18.5,,.9,1010.7,9.5
143,措备,2022-09-27,20.3,,2.1,1009.8,3.8
143,措备,2022-09-28,19.4,,.9,1008,6.9
143,措备,2022-09-29,20.8,,.9,1008.2,0
143,措备,2022-09-30,21.6,,.9,1009.8,.1
143,措备,2022-10-01,21.6,,1.2,1011.5,3.9
143,措备,2022-10-02,22.2,,1.7,1011.6,6.9
143,措备,2022-10-03,24.9,3.9,1.3,1008.4,9.9
143,措备,2022-10-04,21.5,18,2.9,1006.2,9.6
143,措备,2022-10-05,17,,3.3,1013.7,7.9
143,措备,2022-10-06,18.2,.3,1.4,1012.1,9.5
143,措备,2022-10-07,16.6,0,2.8,1012.7,8
143,措备,2022-10-08,14.9,,2.4,1018.5,2.6
143,措备,2022-10-09,14.4,3.1,1.3,1011.8,9.8
143,措备,2022-10-10,13.7,0,4.9,1007.5,5.3
143,措备,2022-10-11,13.6,,3.4,1014.2,2.1
143,措备,2022-10-12,14,,1.8,1020.3,2.4
143,措备,2022-10-13,16.1,,1.9,1018.5,2.4
143,措备,2022-10-14,16.1,,1.9,1014.1,4.6
143,措备,2022-10-15,17.8,,2.1,1013.1,3.3
143,措备,2022-10-16,19.2,,1.4,1011.5,3.6
143,措备,2022-10-17,16,,3.8,1011.1,1.8
143,措备,2022-10-18,11.7,,3.1,1015.6,0
143,措备,2022-10-19,10.8,,2.1,1019.1,0
143,措备,2022-10-20,12,,.9,1021.2,1.4
143,措备,2022-10-21,14.5,,1.1,1018.2,6.9
143,措备,2022-10-22,16.6,.3,1.5,1013.8,4.4
143,措备,2022-10-23,15.3,,2,1011.5,3.4
143,措备,2022-10-24,12.3,,2.5,1014,2.4
143,措备,2022-10-25,11.2,,1.6,1021.3,1.6
143,措备,2022-10-26,12.2,,.9,1021.4,3.9
143,措备,2022-10-27,14.5,,1.2,1018.5,2.4
143,措备,2022-10-28,13.1,,2,1019.9,1.9
143,措备,2022-10-29,13.6,,1.8,1020.6,2.9
143,措备,2022-10-30,13.3,,2.1,1019.9,5.9
143,措备,2022-10-31,13.1,,1.6,1018.4,3.4
143,措备,2022-11-01,14.2,,1.5,1015,0
143,措备,2022-11-02,13.1,,1.1,1013.9,0
143,措备,2022-11-03,12.5,,2,1012,4.4
143,措备,2022-11-04,9.3,,3.5,1015,3
143,措备,2022-11-05,9.1,,2.4,1018.1,.4
143,措备,2022-11-06,8.9,,1,1018.2,.1
143,措备,2022-11-07,9.7,,1,1016.9,.5
143,措备,2022-11-08,10.9,,1.1,1018.5,0
143,措备,2022-11-09,11.7,,1.1,1018.6,2.4
143,措备,2022-11-10,13.3,,1.2,1018.4,1.6
143,措备,2022-11-11,14,,1.2,1019.9,.8
143,措备,2022-11-12,17,.1,1.2,1012.1,5.6
143,措备,2022-11-13,15.9,16.3,3,1007.7,8
143,措备,2022-11-14,11.6,,1.5,1011.5,6.1
143,措备,2022-11-15,10,,2.6,1011,.5
143,措备,2022-11-16,10.3,.4,1.5,1014.1,3.6
143,措备,2022-11-17,9.4,,.9,1017.7,3
143,措备,2022-11-18,9.6,,.9,1019.9,0
143,措备,2022-11-19,11.2,,1.6,1016.9,3.4
143,措备,2022-11-20,12.8,,.8,1013.9,4.5
143,措备,2022-11-21,12.5,,.8,1014.9,4.8
143,措备,2022-11-22,12.5,.4,.9,1013.9,9.9
143,措备,2022-11-23,13,.7,2.2,1009.8,4.5
143,措备,2022-11-24,8.7,,.8,1014.7,3.3
143,措备,2022-11-25,9.2,,1.1,1012.7,2.9
143,措备,2022-11-26,10.9,,2.3,1010.5,.8
143,措备,2022-11-27,7.7,,.8,1015,3.4
143,措备,2022-11-28,10.5,11,1.1,1010.6,7.8
143,措备,2022-11-29,12.3,17.7,3.6,1007.3,9.6
143,措备,2022-11-30,-.4,,5.2,1022.2,7.3
143,措备,2022-12-01,-1,,3.4,1024.2,6
143,措备,2022-12-02,.3,,2.3,1023.5,3.1
143,措备,2022-12-03,4.4,,1.5,1019,5.8
143,措备,2022-12-04,3.1,,3.6,1022,7
143,措备,2022-12-05,1.2,,3.3,1020.9,4.6
143,措备,2022-12-06,1.9,,1.6,1017.1,3.4
143,措备,2022-12-07,4.4,,1.7,1017,2.8
143,措备,2022-12-08,4.5,,1,1019.1,3
143,措备,2022-12-09,4.4,,.9,1016.4,.3
143,措备,2022-12-10,4.7,0,1.4,1013.2,5.6
143,措备,2022-12-11,4.8,,2,1015.4,.9
143,措备,2022-12-12,4.1,1.1,1.3,1013.6,7.3
143,措备,2022-12-13,5.2,0,3.7,1010.9,6.3
143,措备,2022-12-14,-3.9,0,4.2,1019.9,.9
143,措备,2022-12-15,-.1,,1.4,1018.7,3.8
143,措备,2022-12-16,.2,,3.5,1021.6,8.5
143,措备,2022-12-17,-2.5,0,3,1017.4,4.9
143,措备,2022-12-18,-5.6,,3.5,1016.1,0
143,措备,2022-12-19,-3.7,,1.8,1019.7,.1
143,措备,2022-12-20,-.8,,1.2,1019.9,3.5
143,措备,2022-12-21,.3,2.5,1.1,1006.2,8.1
143,措备,2022-12-22,-2.5,0,4.4,1001.9,4.4
143,措备,2022-12-23,-5.7,,5.4,1004.2,3
143,措备,2022-12-24,-4.8,,2.4,1011.9,0
143,措备,2022-12-25,-1.6,,2.4,1015.2,0
143,措备,2022-12-26,-1.1,,1.8,1018.4,2.5
143,措备,2022-12-27,0,,1.7,1021.2,1
143,措备,2022-12-28,1,,2.6,1022.3,3.9
143,措备,2022-12-29,-.3,,3,1025.5,2.1
143,措备,2022-12-30,.2,,1.5,1024.6,6.8
143,措备,2022-12-31,1.2,,3.2,1023.6,2.3
143,措备,2023-01-01,1.7,,2.5,1022.6,2.1
143,措备,2023-01-02,.4,,3.6,1023.3,3.8
143,措备,2023-01-03,-.3,,3.4,1022.3,0
143,措备,2023-01-04,1.1,,2.8,1023.2,.1
143,措备,2023-01-05,.6,,1.3,1023.7,2.9
143,措备,2023-01-06,1.8,0,1.1,1016.2,4
143,措备,2023-01-07,3.2,0,2.4,1012.3,3.3
143,措备,2023-01-08,2.4,,1,1018.4,.9
143,措备,2023-01-09,3.2,,1.3,1017,2.9
143,措备,2023-01-10,2.8,,.7,1021.9,1.6
143,措备,2023-01-11,4.2,,1.1,1019.1,.6
143,措备,2023-01-12,6,0,.9,1016.7,3.5
143,措备,2023-01-13,11,10.1,1,1005.5,9.3
143,措备,2023-01-14,9,0,3.1,1006.9,9.9
143,措备,2023-01-15,3.9,1.4,2.6,1010,9.5
143,措备,2023-01-16,-.7,,3.6,1016.5,2.1
143,措备,2023-01-17,-.3,,2.7,1019,4.8
143,措备,2023-01-18,.6,,1.7,1019,3.5
143,措备,2023-01-19,.5,,1.1,1017.5,1.4
143,措备,2023-01-20,.4,,3.5,1019,2.3
143,措备,2023-01-21,-2.1,,2.1,1023.3,.8
143,措备,2023-01-22,-.5,,.8,1019.9,6.6
143,措备,2023-01-23,2.9,,2,1014.9,5.5
143,措备,2023-01-24,-8.3,,6.1,1018.3,3
143,措备,2023-01-25,-8.9,,3.4,1022.6,0
143,措备,2023-01-26,-4.1,0,1.4,1017.3,7.6
143,措备,2023-01-27,-3,0,4.9,1013.8,1.3
143,措备,2023-01-28,-3.6,,3.9,1015,.8
143,措备,2023-01-29,.8,0,2.4,1013.1,3.1
143,措备,2023-01-30,1.3,,3.4,1015.8,0
143,措备,2023-01-31,1.7,,1.1,1012.8,.8
143,措备,2023-02-01,3.8,,2.7,1010.8,6.6
143,措备,2023-02-02,1.3,,2.1,1018.5,5.4
143,措备,2023-02-03,2.4,,1.9,1015.2,4.4
143,措备,2023-02-04,1.6,,3.2,1017.6,.1
143,措备,2023-02-05,1.6,,1.3,1018.1,0
143,措备,2023-02-06,4.2,,1,1015.1,4.1
143,措备,2023-02-07,5.3,,1.7,1013.6,3.3
143,措备,2023-02-08,4.9,,2,1018.4,1.9
143,措备,2023-02-09,3.9,.4,2.7,1020.9,6.5
143,措备,2023-02-10,4.6,10.3,2.2,1013.3,7
143,措备,2023-02-11,3.6,,1.2,1016.7,5.3
143,措备,2023-02-12,4.8,0,1.7,1014.7,6.9
143,措备,2023-02-13,6.1,.5,2,1011.2,9.8
143,措备,2023-02-14,4.6,,2.5,1015,5.6
143,措备,2023-02-15,2.8,0,3.4,1023.1,8.3
143,措备,2023-02-16,4.7,,1.7,1023.6,6
143,措备,2023-02-17,4.4,,1,1020.8,7.9
143,措备,2023-02-18,6.9,0,1.2,1013.6,10
143,措备,2023-02-19,7.2,0,4.1,1010.7,4.8
143,措备,2023-02-20,2.6,,4,1018.1,.9
143,措备,2023-02-21,1.3,,2.5,1026.8,0
143,措备,2023-02-22,3.8,,1.5,1022.9,4.1
143,措备,2023-02-23,7.8,0,2.8,1015.8,4.4
143,措备,2023-02-24,7.4,,3.4,1016.1,4.4
143,措备,2023-02-25,3.8,,3.5,1023.4,0
143,措备,2023-02-26,3.7,,1.5,1028.8,0
143,措备,2023-02-27,6.2,,1.1,1026.6,0
143,措备,2023-02-28,8.8,,1.7,1019.4,1.3
143,措备,2023-03-01,8.4,,2.7,1013.9,5.9
143,措备,2023-03-02,4.6,,4,1019.4,0
143,措备,2023-03-03,7.5,,2.9,1020.1,.8
143,措备,2023-03-04,8,,1.8,1021.5,4.8
143,措备,2023-03-05,8.9,,1.5,1020.5,.6
143,措备,2023-03-06,10.5,,1.2,1016.4,0
143,措备,2023-03-07,13.2,,1.9,1014.1,.1
143,措备,2023-03-08,14,,1.3,1012.9,1.5
143,措备,2023-03-09,16,0,2,1008.5,2.3
143,措备,2023-03-10,14.9,,1.6,1013.2,0
143,措备,2023-03-11,16.7,,1.2,1015.4,4.1
143,措备,2023-03-12,9.9,6.7,3.3,1012.3,6.4
143,措备,2023-03-13,5.2,,4,1015.2,2.6
143,措备,2023-03-14,9.7,,1.6,1013.2,3.4
143,措备,2023-03-15,13.8,,1.9,1013.3,3.3
143,措备,2023-03-16,10.5,,3.1,1019.4,7.3
143,措备,2023-03-17,9.5,,2.7,1016.5,9.5
143,措备,2023-03-18,11.8,,2,1011.1,5.5
143,措备,2023-03-19,11.4,,2.1,1012.5,.1
143,措备,2023-03-20,12.3,,1.6,1008.8,3.6
143,措备,2023-03-21,15.3,,1.9,1005.8,3.3
143,措备,2023-03-22,15.9,1.3,1.5,1004.4,7.4
143,措备,2023-03-23,15.2,19.3,1.1,999.9,9.6
143,措备,2023-03-24,12.6,,4.4,1009.5,9
143,措备,2023-03-25,10.4,,3.2,1012.9,9
143,措备,2023-03-26,11.7,0,1.7,1009.6,5.1
143,措备,2023-03-27,9.7,,2.3,1014.3,1.5
143,措备,2023-03-28,11.4,,1.5,1016.9,.6
143,措备,2023-03-29,13.3,,1.2,1015.4,1.8
143,措备,2023-03-30,15.6,,1.1,1012.4,5.3
143,措备,2023-03-31,16.4,,1.7,1011.1,.9
143,措备,2023-04-01,15,,3.3,1010.6,.9
143,措备,2023-04-02,13.6,,3.4,1014.2,0
143,措备,2023-04-03,13.3,,3.4,1017.5,.8
143,措备,2023-04-04,15.1,2,2.4,1014.4,8.6
143,措备,2023-04-05,15.6,6.4,2.3,1004.9,9.5
143,措备,2023-04-06,14,2.6,3.5,1003.7,8.3
143,措备,2023-04-07,12.4,3.2,4.5,1006.4,2.5
143,措备,2023-04-08,10.7,,4.4,1012,.4
143,措备,2023-04-09,13.7,,2.2,1012.1,.5
143,措备,2023-04-10,14.5,,1.9,1009.5,.3
143,措备,2023-04-11,17.1,0,2.2,1005.4,5.6
143,措备,2023-04-12,14.9,,4.1,1010.1,1.1
143,措备,2023-04-13,15.8,,1.6,1010.7,3.3
143,措备,2023-04-14,15.8,.1,1.2,1007.1,8
143,措备,2023-04-15,13.2,.2,1.5,998.3,7.5
143,措备,2023-04-16,12.3,0,1.8,998.9,5.8
143,措备,2023-04-17,14.3,,1.5,1009.1,1.3
143,措备,2023-04-18,16.6,1.6,1.4,1005.4,9
143,措备,2023-04-19,19.3,,2,1004.1,6.9
143,措备,2023-04-20,23.1,,2.2,1002.2,4.4
143,措备,2023-04-21,16.5,,4.7,1006.3,4.8
143,措备,2023-04-22,13.7,,3.6,1014.2,2.9
143,措备,2023-04-23,13.5,,3.2,1017.5,7.8
143,措备,2023-04-24,13,,3.4,1018.1,7.1
143,措备,2023-04-25,9.4,6,1.3,1009.5,9.4
143,措备,2023-04-26,12.8,,2.9,1006.8,.8
143,措备,2023-04-27,14.8,,1.4,1013.7,.3
143,措备,2023-04-28,17.7,,2,1010.3,2.5
143,措备,2023-04-29,16.9,8.7,2.3,1000.5,8.6
143,措备,2023-04-30,16.7,,3.5,1003.6,1.3
143,措备,2023-05-01,16.5,,3.1,1010.2,0
143,措备,2023-05-02,17.1,,1.5,1016.6,5.5
143,措备,2023-05-03,18.5,,1.8,1015.2,8.3
143,措备,2023-05-04,18.8,.5,2.1,1009.5,9.1
143,措备,2023-05-05,19,44.5,2.4,999.4,10
143,措备,2023-05-06,13.7,33.9,4,1001.6,10
143,措备,2023-05-07,11.4,3.1,1.6,1006.2,8.6
143,措备,2023-05-08,13.7,,1.6,1010.1,3.9
143,措备,2023-05-09,18.5,,2,1009.3,1
143,措备,2023-05-10,19.2,,1.9,1009.7,4.5
143,措备,2023-05-11,18.1,,3.7,1012.7,3.1
143,措备,2023-05-12,18.8,,1.9,1010.7,7.8
143,措备,2023-05-13,19.4,,1.5,1006.2,6.1
143,措备,2023-05-14,20.4,0,1.6,1002.4,3
143,措备,2023-05-15,21.8,,1.7,1002.4,.3
143,措备,2023-05-16,24.6,,1.8,1004.6,1.1
143,措备,2023-05-17,24.4,,1.7,1007.1,3
143,措备,2023-05-18,18.6,5.9,1.7,1005,9.5
143,措备,2023-05-19,18.3,0,2.2,1003.4,5.5
143,措备,2023-05-20,20.9,,1.9,1004.3,2
143,措备,2023-05-21,22.7,,2.6,1001.8,3.5
143,措备,2023-05-22,17,.5,1.8,1002.2,7.1
143,措备,2023-05-23,18.4,,1.9,1004.2,2.1
143,措备,2023-05-24,19.6,,1.9,1008.5,5.6
143,措备,2023-05-25,21.3,,2.1,1009.9,6.1
143,措备,2023-05-26,22,0,1.7,1012.2,7.8
143,措备,2023-05-27,23.2,.2,1.6,1011.7,9
143,措备,2023-05-28,21.7,10.6,1.1,1007.2,9.9
143,措备,2023-05-29,20.1,100.8,1.7,1004.6,9.4
143,措备,2023-05-30,19.5,,2.9,1005.4,7.3
143,措备,2023-05-31,20.5,,2.8,1005.4,2.3
143,措备,2023-06-01,18.6,.2,1.5,1001,8.8
143,措备,2023-06-02,23.7,.3,2.8,995.2,6.4
143,措备,2023-06-03,23.1,,2.5,1001.1,5.5
143,措备,2023-06-04,23.9,,2.4,1003.9,7.8
143,措备,2023-06-05,23.8,,2.3,1004.1,8.1
143,措备,2023-06-06,24.3,,2.4,1000.2,4
143,措备,2023-06-07,24.1,,1.7,1002.2,6.9
143,措备,2023-06-08,24.1,,1.7,998.6,5.5
143,措备,2023-06-09,24.6,,1.9,997.8,.8
143,措备,2023-06-10,24.5,,1.8,999.4,4.6
143,措备,2023-06-11,24.6,,2.4,999,5.6
143,措备,2023-06-12,23.3,.7,2.2,999,7.3
143,措备,2023-06-13,23.8,,1.6,997.9,6.6
143,措备,2023-06-14,21.2,17.5,1.8,999.7,6.6
143,措备,2023-06-15,20.9,,1.8,1002.6,5.4
143,措备,2023-06-16,25.3,,1.5,1006.1,.1
143,措备,2023-06-17,27.6,,2.2,1005.3,6.3
143,措备,2023-06-18,26.9,,2.6,1000.7,4.6
143,措备,2023-06-19,24.4,,3.6,1001.6,3.4
143,措备,2023-06-20,23,,3.9,1000,6.4
143,措备,2023-06-21,21.4,4.6,1.7,995.8,9.6
143,措备,2023-06-22,24.6,0,2.3,997,6.9
143,措备,2023-06-23,24.8,,2.2,1003.3,4.4
143,措备,2023-06-24,24.5,,2.8,1008.4,6.8
143,措备,2023-06-25,24.2,2.2,1.9,1007,9
143,措备,2023-06-26,24.1,33.2,1.9,1002.7,10
143,措备,2023-06-27,27.8,48,2.6,1002.6,7.4
143,措备,2023-06-28,24.5,24.7,2.3,1002.6,7.8
143,措备,2023-06-29,25.4,8.3,1.4,997.1,9.3
143,措备,2023-06-30,24,39,1.5,995.2,9.9
143,措备,2023-07-01,25.8,,2.4,999.8,4.8
143,措备,2023-07-02,28.1,,1.9,1002,7
143,措备,2023-07-03,27.1,,2.1,1000.2,5.9
143,措备,2023-07-04,24.9,6.8,2,996.4,9.3
143,措备,2023-07-05,27.5,16.1,3,989.7,3.3
143,措备,2023-07-06,27.5,,1.2,996.7,6.6
143,措备,2023-07-07,21.9,43.9,1.8,997.8,9.6
143,措备,2023-07-08,23.1,0,1.7,997.5,8.8
143,措备,2023-07-09,26.6,,1.5,997.7,8.3
143,措备,2023-07-10,28.3,0,1.6,998.6,5.3
143,措备,2023-07-11,24.8,46.5,1.2,1000.4,9
143,措备,2023-07-12,27.3,.2,1.3,999.5,8.4
143,措备,2023-07-13,26.5,2,1.3,999.9,9.9
143,措备,2023-07-14,25.6,47.7,1.4,995.6,10
143,措备,2023-07-15,27,23.7,1.7,996.5,9.9
143,措备,2023-07-16,24.4,9.7,.8,1002.6,9.4
143,措备,2023-07-17,26.7,13.2,1.3,1006.4,9.3
143,措备,2023-07-18,23.7,74.2,1.2,1004.7,10
143,措备,2023-07-19,25.7,.1,2,1001.4,5.3
143,措备,2023-07-20,27.6,,1.4,1002.7,5.3
143,措备,2023-07-21,26.7,,2.3,1006.7,5.5
143,措备,2023-07-22,25.4,0,2.7,1008.2,6
143,措备,2023-07-23,27.5,.1,2.1,1003.8,9.5
143,措备,2023-07-24,26.6,14.5,1.3,1003.6,9.5
143,措备,2023-07-25,27.3,0,1.3,1007.4,7
143,措备,2023-07-26,27.2,0,1.4,1009.2,8
143,措备,2023-07-27,27.9,0,1.3,1008.5,3.8
143,措备,2023-07-28,29.4,,1.1,1008.1,2.8
143,措备,2023-07-29,30.1,,1.1,1008.1,2
143,措备,2023-07-30,29.8,,1.5,1007.1,2.9
143,措备,2023-07-31,29.6,,1.5,1006.1,4.6
143,措备,2023-08-01,29.7,,1.9,1004.6,3.4
143,措备,2023-08-02,30,,1.5,1001.7,6.6
143,措备,2023-08-03,31.5,,1.8,999.8,2.6
143,措备,2023-08-04,30.5,,1.1,998.2,5.1
143,措备,2023-08-05,31.5,,1.5,994,2.5
143,措备,2023-08-06,30.4,,3,992.4,4.5
143,措备,2023-08-07,29.5,,2.9,993.7,5
143,措备,2023-08-08,28.4,,3.7,996.6,5.3
143,措备,2023-08-09,25.4,41,2.2,996.2,9.5
143,措备,2023-08-10,25.1,93.4,2.8,986.1,9.6
143,措备,2023-08-11,27.5,,1.9,995.5,2.9
143,措备,2023-08-12,27.1,,1.6,997.9,6.9
143,措备,2023-08-13,27.2,,2,999,6.8
143,措备,2023-08-14,26.8,,2.7,1000.1,6
143,措备,2023-08-15,27.5,,2,998.2,2.9
143,措备,2023-08-16,27,3.1,2,997.8,7.8
143,措备,2023-08-17,25.9,0,2.8,999.7,7.6
143,措备,2023-08-18,25.7,1.6,2.2,1001.4,7.8
143,措备,2023-08-19,27.3,.1,1.5,1003.9,7
143,措备,2023-08-20,27.3,6.3,1.2,1005.1,6.9
143,措备,2023-08-21,28.9,,1.5,1002.7,3.3
143,措备,2023-08-22,28.8,,2,999.8,1.8
143,措备,2023-08-23,28.6,15.9,2.4,999.9,5.1
143,措备,2023-08-24,25,36.4,2.9,1000.6,9.8
143,措备,2023-08-25,27.4,.7,1.9,1001.4,5.1
143,措备,2023-08-26,26.6,,1.6,1003,2.5
143,措备,2023-08-27,25.5,4.7,2.6,1002.9,6.1
143,措备,2023-08-28,25.5,,3.4,1002.3,7.9
143,措备,2023-08-29,25.7,3.3,2.2,1001.1,8.4
143,措备,2023-08-30,24.7,54.9,1.4,1002.7,9.8
143,措备,2023-08-31,23.3,51.4,1.5,1004.2,9.4
143,措备,2023-09-01,25.8,,1.6,1005.1,8
143,措备,2023-09-02,24.9,1.1,2.1,1006,7.5
143,措备,2023-09-03,26.6,,1.9,1006.5,7.3
143,措备,2023-09-04,26.4,0,2.7,1006.1,4.5
143,措备,2023-09-05,26.1,,2.1,1005.5,5.9
143,措备,2023-09-06,25.2,,1.9,1005.9,2.6
143,措备,2023-09-07,23.6,,2.3,1008.6,1.3
143,措备,2023-09-08,23.3,,1.9,1007,1.5
143,措备,2023-09-09,23.4,,2.2,1005.6,0
143,措备,2023-09-10,24,,2,1004.8,2.6
143,措备,2023-09-11,25.6,,1.6,1003.3,4.6
143,措备,2023-09-12,26.1,,1.3,1004.6,8.1
143,措备,2023-09-13,24.7,4,2,1004.7,9.9
143,措备,2023-09-14,22.6,6.7,2.4,1006.7,9.9
143,措备,2023-09-15,22.8,11.2,1.4,1008,9.9
143,措备,2023-09-16,23.1,25.1,1.5,1006.8,9
143,措备,2023-09-17,24.6,13.2,1.2,1004.8,9.5
143,措备,2023-09-18,26.1,0,1.4,1006.1,6.4
143,措备,2023-09-19,25.2,0,1.6,1007.7,6.8
143,措备,2023-09-20,22,36.6,2.1,1003.9,9.5
143,措备,2023-09-21,19.5,3.4,2.3,1004.6,9.5
143,措备,2023-09-22,21.1,,1.5,1009.5,4
143,措备,2023-09-23,19.9,,2,1013.6,5.4
143,措备,2023-09-24,20.4,,2.5,1014,4.6
143,措备,2023-09-25,21.1,.9,2,1010.6,9.5
143,措备,2023-09-26,20.8,17.9,1.3,1007.4,10
143,措备,2023-09-27,23.8,,1.3,1005.2,8.1
143,措备,2023-09-28,23.6,,2.3,1007,3.1
143,措备,2023-09-29,21.8,,1.1,1007.7,5.4
143,措备,2023-09-30,20,3.5,2.2,1005.1,5.4
143,措备,2023-10-01,19.2,,2.2,1007.6,2.1
143,措备,2023-10-02,17.6,,1.4,1011.8,2.6
143,措备,2023-10-03,16.1,.5,1,1011.9,7.3
143,措备,2023-10-04,19.1,,1.9,1007.4,5.8
143,措备,2023-10-05,16.7,,3.6,1008.7,4.8
143,措备,2023-10-06,16.5,,1.3,1012.2,6.8
143,措备,2023-10-07,17.1,,1.9,1015.9,9.3
143,措备,2023-10-08,17.3,0,1.7,1016.5,9
143,措备,2023-10-09,18.3,1,.9,1013.1,7.3
143,措备,2023-10-10,17.6,,1.8,1014.1,4.6
143,措备,2023-10-11,16.2,,1.7,1018.3,2.3
143,措备,2023-10-12,16,,1.4,1018,3.9
143,措备,2023-10-13,17.7,,1.1,1011.6,8.6
143,措备,2023-10-14,17.1,.2,1.3,1003.9,5.9
143,措备,2023-10-15,16.6,,2.2,1004.3,2.9
143,措备,2023-10-16,16,,1.7,1008.4,1
143,措备,2023-10-17,15,,2,1012.5,0
143,措备,2023-10-18,15.1,,1,1013.5,1.6
143,措备,2023-10-19,16.4,.8,1.2,1009.8,7.1
143,措备,2023-10-20,13.8,3.2,3.9,1009.4,3.6
143,措备,2023-10-21,12.1,,2.5,1014,1.3
143,措备,2023-10-22,12.6,,1.9,1016.7,5.1
143,措备,2023-10-23,14.2,,1.1,1016.4,.8
143,措备,2023-10-24,14.7,,1.2,1013.9,3
143,措备,2023-10-25,15.9,,1.2,1011.5,0
143,措备,2023-10-26,16.2,,1.1,1008.6,1.3
143,措备,2023-10-27,14.7,0,1.6,1007.8,2.3
143,措备,2023-10-28,13.9,,1.6,1012.3,.3
143,措备,2023-10-29,13.7,,1.5,1015.7,1.6
143,措备,2023-10-30,14.5,,1.2,1016,.8
143,措备,2023-10-31,14.9,,1.2,1015.4,0
143,措备,2023-11-01,15.7,,.8,1012.8,0
143,措备,2023-11-02,17.7,,.8,1011.5,.5
143,措备,2023-11-03,18.6,,1.3,1009.8,2.1
143,措备,2023-11-04,18.4,.1,2.7,1014.6,8.1
143,措备,2023-11-05,19.8,1.6,2.4,1012.3,9.1
143,措备,2023-11-06,18.4,8.2,4,1001.9,7.3
143,措备,2023-11-07,11.4,,4.8,1012.8,.6
143,措备,2023-11-08,9.5,,1.2,1016.4,1.6
143,措备,2023-11-09,13.7,.1,1.2,1013.8,6.3
143,措备,2023-11-10,10.3,10.9,3.7,1015.4,5.8
143,措备,2023-11-11,5.9,,2.4,1020.4,3.6
143,措备,2023-11-12,4.8,,4,1019.5,1
143,措备,2023-11-13,5.3,,3.4,1020,0
143,措备,2023-11-14,7.3,,2.7,1019.7,1.3
143,措备,2023-11-15,7.4,,1.5,1021,.6
143,措备,2023-11-16,5.5,9.9,1.4,1014.2,7.9
143,措备,2023-11-17,6,0,3.3,1006.7,5.6
143,措备,2023-11-18,3.4,.7,5.6,1010.1,1.6
143,措备,2023-11-19,8.7,,2.5,1011,1
143,措备,2023-11-20,8.5,,2.2,1016.5,0
143,措备,2023-11-21,7.3,,1.1,1015.2,0
143,措备,2023-11-22,9,,1.2,1010.8,1.9
143,措备,2023-11-23,13.6,,2.7,1006.2,2.9
143,措备,2023-11-24,3.9,,5.2,1019.5,.5
143,措备,2023-11-25,1.3,,2.1,1024.8,0
143,措备,2023-11-26,4.8,0,1.1,1018.5,6.5
143,措备,2023-11-27,8.2,.1,1.2,1008.5,7.1
143,措备,2023-11-28,6.2,,3.6,1013.5,1.3
143,措备,2023-11-29,5,,2.5,1017.2,6.8
143,措备,2023-11-30,.2,,4.1,1020.3,.3
143,措备,2023-12-01,1.2,,4.1,1018.5,.3
143,措备,2023-12-02,3.9,,1.8,1018.8,2.9
143,措备,2023-12-03,4.5,,1.9,1018.8,.3
143,措备,2023-12-04,3.8,,1,1015.1,2.9
143,措备,2023-12-05,5.5,,.9,1011.1,3.3
143,措备,2023-12-06,5.7,.9,1.4,1004.9,3.1
143,措备,2023-12-07,7.6,,2.7,1009.4,0
143,措备,2023-12-08,9.2,,1.4,1009.9,0
143,措备,2023-12-09,12.1,,.8,1011.9,2
143,措备,2023-12-10,11.2,,2.6,1016.7,3.6
143,措备,2023-12-11,12.4,31.2,2.3,1009.5,9.4
143,措备,2023-12-12,9.2,.9,2.7,1014,7.9
143,措备,2023-12-13,8,,1.4,1022,4.1
143,措备,2023-12-14,9.2,23.3,1.9,1017.4,9.5
143,措备,2023-12-15,8.6,31.5,2.8,1005.9,10
143,措备,2023-12-16,2.4,.1,5.5,1012.8,7.9
143,措备,2023-12-17,-5.1,,4.6,1025.5,.1
143,措备,2023-12-18,-2.8,,3.5,1027.1,8.5
143,措备,2023-12-19,.3,,1.6,1021,7
143,措备,2023-12-20,-2.3,.1,3.8,1018.3,4
143,措备,2023-12-21,-6.4,,4.1,1022.2,.1
143,措备,2023-12-22,-6.4,,4.4,1027.8,.4
143,措备,2023-12-23,-3.1,,2.6,1029.5,3
143,措备,2023-12-24,-1.3,,1.4,1024.1,3.6
143,措备,2023-12-25,.2,,1.7,1022.3,2
143,措备,2023-12-26,1.8,,1.3,1022.7,2.1
143,措备,2023-12-27,3.8,,1,1023.7,2.8
143,措备,2023-12-28,3.5,,1.7,1021.1,0
143,措备,2023-12-29,3.1,,1.6,1019.8,1.3
143,措备,2023-12-30,2.9,.7,1.2,1011.8,5.1
143,措备,2023-12-31,4.6,1.2,2.4,1010.6,7.1
143,措备,2024-01-01,3.9,,1.2,1020.8,3.5
143,措备,2024-01-02,6.1,,1.8,1014.8,7.4
143,措备,2024-01-03,4.1,4.2,3.3,1012.2,6.9
143,措备,2024-01-04,3,,2,1015.6,0
143,措备,2024-01-05,4.6,,1.4,1014.1,2.4
143,措备,2024-01-06,3.7,,2.5,1014.3,2
143,措备,2024-01-07,.5,,4.5,1017.7,1.3
143,措备,2024-01-08,-1.6,,1.8,1019.4,.1
143,措备,2024-01-09,.2,1.3,1,1013.5,7.1
143,措备,2024-01-10,2.8,0,1.6,1012.7,5.6
143,措备,2024-01-11,1.7,,2.2,1011.4,0
143,措备,2024-01-12,3.7,,2.2,1011.1,.5
143,措备,2024-01-13,2.9,,2.8,1017.8,0
143,措备,2024-01-14,4.9,.3,2.1,1014.5,2.4
143,措备,2024-01-15,2.1,,3.7,1019,0
143,措备,2024-01-16,1,,1.5,1025.2,3.3
143,措备,2024-01-17,3.3,1,.9,1019.8,9.3
143,措备,2024-01-18,6.3,2.7,1.9,1016.1,10
143,措备,2024-01-19,6,0,3.6,1022.3,9.5
143,措备,2024-01-20,5.4,11,2.8,1018.4,10
143,措备,2024-01-21,5.5,.8,1.4,1017.1,9.1
143,措备,2024-01-22,-1.5,.1,5.6,1017.8,5.1
143,措备,2024-01-23,-6.2,,5.5,1016.9,.9
143,措备,2024-01-24,-5,,4.4,1017.6,.1
143,措备,2024-01-25,-2.2,,3.2,1020.6,.3
143,措备,2024-01-26,1.6,,3.3,1021.4,0
143,措备,2024-01-27,3,,2.5,1019.5,1.1
143,措备,2024-01-28,2,,2.6,1021.3,1.9
143,措备,2024-01-29,.4,,1.5,1023.7,.3
143,措备,2024-01-30,2.2,,1,1022.4,2.9
143,措备,2024-01-31,7.9,0,1.1,1016.7,5.9
143,措备,2024-02-01,6.3,0,3,1018,9.8
143,措备,2024-02-02,5.4,,3,1021.1,8.6
143,措备,2024-02-03,5.9,2.1,2.7,1021.3,9.4
143,措备,2024-02-04,5.9,1.9,2.3,1019.3,9.5
143,措备,2024-02-05,5.4,12,3.5,1013.6,9.9
143,措备,2024-02-06,3.5,0,2.2,1017.9,10
143,措备,2024-02-07,3.7,,2.1,1015.8,2.9
143,措备,2024-02-08,2.6,,1.5,1014.4,3
143,措备,2024-02-09,3.3,,2.2,1014.8,.3
143,措备,2024-02-10,3.8,,2.5,1016.7,1.4
143,措备,2024-02-11,3.1,,2.5,1017.3,.9
143,措备,2024-02-12,4.3,,1.3,1022.9,0
143,措备,2024-02-13,8.3,,1.5,1020.1,0
143,措备,2024-02-14,10.6,.8,.8,1015.8,5.4
143,措备,2024-02-15,8.5,,2.8,1011.3,6.6
143,措备,2024-02-16,4.6,,1.6,1017.9,3.1
143,措备,2024-02-17,5.8,,1.1,1015.6,0
143,措备,2024-02-18,8.2,5.1,1.4,1013.8,6.4
143,措备,2024-02-19,14.7,14.4,2.1,1004.9,7.1
143,措备,2024-02-20,7.5,3.9,4.1,1016.7,9.6
143,措备,2024-02-21,5.1,4.9,4.3,1015.6,10
143,措备,2024-02-22,3,1.6,3.2,1020.1,10
143,措备,2024-02-23,3,.3,2.6,1023.5,9.9
143,措备,2024-02-24,3.6,1.3,2.8,1022.6,9.9
143,措备,2024-02-25,4.2,1.7,2,1016.5,9.9
143,措备,2024-02-26,5.1,,2.1,1020.8,7.1
143,措备,2024-02-27,2.6,,1.8,1024.9,4.8
143,措备,2024-02-28,4.6,,1.4,1022.6,4
143,措备,2024-02-29,4.1,6.8,1.7,1015.7,8.4
143,措备,2024-03-01,.5,,5.2,1014.8,1.8
143,措备,2024-03-02,.5,,3.1,1015.2,0
143,措备,2024-03-03,6.3,0,2.8,1011.9,3.9
143,措备,2024-03-04,7.7,0,1.2,1014.3,6.5
143,措备,2024-03-05,6.6,8,2.2,1008.5,10
143,措备,2024-03-06,6.9,0,2,1009.8,8.9
143,措备,2024-03-07,5.9,0,2.7,1010.4,7.1
143,措备,2024-03-08,4.7,,4.7,1010.5,.1
143,措备,2024-03-09,3.9,,2.5,1017,0
143,措备,2024-03-10,5.4,,1.5,1021.1,1
143,措备,2024-03-11,8,,1.5,1014.1,6.6
143,措备,2024-03-12,6.7,0,1.7,1008.6,4.8
143,措备,2024-03-13,7.8,,2.4,1013.6,2
143,措备,2024-03-14,9.7,,1.9,1014.6,1.5
143,措备,2024-03-15,12,,2.4,1016.4,0
143,措备,2024-03-16,14.1,0,1.7,1014,4.4
143,措备,2024-03-17,13.6,,3.7,1008.3,6.3
143,措备,2024-03-18,9.9,,1.9,1014.3,2.8
143,措备,2024-03-19,9.9,.3,3.7,1009,6.4
143,措备,2024-03-20,6.7,,5,1012,1
143,措备,2024-03-21,6.4,,2.6,1012.1,.4
143,措备,2024-03-22,10,.2,2.7,1009.2,8.5
143,措备,2024-03-23,16,.3,2.6,1007.8,4.4
143,措备,2024-03-24,10.9,.3,4.3,1012.5,9.9
143,措备,2024-03-25,9.5,16.2,3.5,1010.2,9.8
143,措备,2024-03-26,7.9,17.3,1.8,1012,8.5
143,措备,2024-03-27,10,,1.4,1016.7,5.1
143,措备,2024-03-28,9.2,27,1.8,1003.6,9.4
143,措备,2024-03-29,13.1,,3.3,1000.7,1.9
143,措备,2024-03-30,11.3,1.3,1.7,1005.5,2.1
143,措备,2024-03-31,13.2,,1.5,1005.1,3
143,措备,2024-04-01,14.6,,1.7,1007.1,0
143,措备,2024-04-02,15.7,2.9,1.5,1007.5,7.8
143,措备,2024-04-03,12.1,29.4,2.7,1001.2,9.9
143,措备,2024-04-04,12.4,,3.7,1009.9,9
143,措备,2024-04-05,14.1,,2.1,1012.9,6.6
143,措备,2024-04-06,14.6,,1.4,1011.8,7
143,措备,2024-04-07,17,,1.4,1010.3,3.9
143,措备,2024-04-08,17.9,,1.1,1008.8,8.9
143,措备,2024-04-09,12.6,,4.9,1015.8,5.3
143,措备,2024-04-10,12.7,,1.6,1019.1,6.3
143,措备,2024-04-11,15.1,,1.3,1015.2,6.5
143,措备,2024-04-12,18,,1.1,1011.4,3.5
143,措备,2024-04-13,19.5,,1.5,1010.7,0
143,措备,2024-04-14,19.7,,2.1,1011.5,4.6
143,措备,2024-04-15,16.1,14.5,2.1,1005.9,9.3
143,措备,2024-04-16,18,,2.4,1004.9,3.9
143,措备,2024-04-17,17,,1.7,1004.7,4.6
143,措备,2024-04-18,18,,1.9,1003.2,.1
143,措备,2024-04-19,20.2,,1.6,1005.5,3.4
143,措备,2024-04-20,15.4,4,2.4,1004.3,9.6
143,措备,2024-04-21,15.5,.3,2.9,1004.7,9.8
143,措备,2024-04-22,15,,2.7,1007.9,8.9
143,措备,2024-04-23,14,4.5,4.1,1006.3,9.1
143,措备,2024-04-24,14.2,1.9,2,1001.6,5.6
143,措备,2024-04-25,18.5,,2.3,1003.8,1.1
143,措备,2024-04-26,18.4,,1.1,1003.3,7.5
143,措备,2024-04-27,20.9,,1.4,1003.7,0
143,措备,2024-04-28,19.3,,2.6,1007,5.6
143,措备,2024-04-29,14.6,1.6,3.7,1003.8,9.9
143,措备,2024-04-30,16.5,1.5,2.3,1000.5,9
143,措备,2024-05-01,13,1.2,3.2,1007.3,5.8
143,措备,2024-05-02,15.9,,1.5,1011.8,1.6
143,措备,2024-05-03,19.2,,1.5,1011.4,0
143,措备,2024-05-04,20.4,,1.7,1010.4,2.4
143,措备,2024-05-05,18.8,12.4,2.2,1006.3,9.9
143,措备,2024-05-06,20.1,7.6,3,1000.6,8.5
143,措备,2024-05-07,14.1,4.4,2.7,1005.4,10
143,措备,2024-05-08,13,1,2.2,1011.5,5.5
143,措备,2024-05-09,16.8,,2,1011.5,0
143,措备,2024-05-10,19.9,,1.5,1011.2,1.1
143,措备,2024-05-11,19.9,4.2,2.2,1006.9,6.6
143,措备,2024-05-12,19.3,5.6,3,1003,7.6
143,措备,2024-05-13,19,,1.8,1007.3,0
143,措备,2024-05-14,20.1,,1.5,1008.7,0
143,措备,2024-05-15,18.4,16.7,2.4,1003.4,3.9
143,措备,2024-05-16,15.5,2,4.7,1002.3,3.5
143,措备,2024-05-17,19.1,,1.7,1008.1,2.1
143,措备,2024-05-18,21.4,,1.6,1010,0
143,措备,2024-05-19,23,,1.7,1007.6,0
143,措备,2024-05-20,21,,2.3,1008.3,3
143,措备,2024-05-21,17.8,,4.3,1013.5,2.6
143,措备,2024-05-22,21.7,,1.8,1009,4
143,措备,2024-05-23,25.3,,2.2,1003.3,2.9
143,措备,2024-05-24,21.2,,3.7,1006.1,3.3
143,措备,2024-05-25,19.6,,3.7,1010.5,8.3
143,措备,2024-05-26,20.8,4.7,2.1,1001.2,8.5
143,措备,2024-05-27,21.5,,4.2,996.4,7.3
143,措备,2024-05-28,18.6,,2.3,999.6,6.9
143,措备,2024-05-29,20.9,,1.3,1006.1,1
143,措备,2024-05-30,21.6,,1.1,1004.6,9.3
143,措备,2024-05-31,24,,2.4,1002.4,4.4
143,措备,2024-06-01,22,,2.5,1003.1,5.8
143,措备,2024-06-02,20.1,,2.4,1003.5,5.9
143,措备,2024-06-03,19.4,,3.4,1005.3,4.5
143,措备,2024-06-04,19.8,,2.6,1009.9,.1
143,措备,2024-06-05,21.4,,2.5,1012.2,5.8
143,措备,2024-06-06,22,,1.5,1010.5,7
143,措备,2024-06-07,23.9,,1.5,1007.1,6.8
143,措备,2024-06-08,19.9,21.5,1.7,1004.2,9.9
143,措备,2024-06-09,23.1,1.8,1,1001.5,6.3
143,措备,2024-06-10,26,,1.6,1000.9,2.3
143,措备,2024-06-11,27.5,,1.8,1000.1,1.8
143,措备,2024-06-12,27.9,,1.9,998.4,3.3
143,措备,2024-06-13,27.7,,1.7,997.7,2.1
143,措备,2024-06-14,27.5,,1.8,998.7,3.4
143,措备,2024-06-15,25.4,4.3,1.7,996.9,7
143,措备,2024-06-16,26.2,,2.7,999.4,3.3
143,措备,2024-06-17,24.8,,1.8,1001.1,8
143,措备,2024-06-18,28.3,,2.7,999.4,.9
143,措备,2024-06-19,29.3,,1.5,1001.5,6.5
143,措备,2024-06-20,25,,1.6,999.4,8.8
143,措备,2024-06-21,26.2,,1.7,996.8,8.5
143,措备,2024-06-22,23.4,21.2,1.6,993.3,9.6
143,措备,2024-06-23,26.1,.1,1.8,992.3,6.9
143,措备,2024-06-24,26.8,,2.2,996.9,8
143,措备,2024-06-25,24.8,,3.3,1004,8.3
143,措备,2024-06-26,24.8,,1.8,1008.5,5.8
143,措备,2024-06-27,22,4.7,1.2,1006.2,8.3
143,措备,2024-06-28,26,,1.2,1001.1,2.5
143,措备,2024-06-29,24.5,20.3,1.8,999.4,9.3
143,措备,2024-06-30,26.2,24.4,1.9,992.8,9.9
143,措备,2024-07-01,28,0,1.8,997.2,7.3
143,措备,2024-07-02,25.2,22.1,2.9,1000.2,9.8
143,措备,2024-07-03,28.9,12.4,2.7,1002.2,6.1
143,措备,2024-07-04,29,,2.1,1001.2,2.6
143,措备,2024-07-05,29,.5,2.9,998,5.8
143,措备,2024-07-06,28.7,,1.8,998.9,7
143,措备,2024-07-07,29,7.9,1.6,998.4,8.5
143,措备,2024-07-08,27.2,2.4,.9,997.6,9.8
143,措备,2024-07-09,24.4,191.3,1.4,999.6,10
143,措备,2024-07-10,23.9,65.7,2.3,994.4,9.4
143,措备,2024-07-11,24.6,24,1.4,995.8,8.3
143,措备,2024-07-12,26.4,4.5,1,996.1,5.5
143,措备,2024-07-13,25.6,.8,2,1000.4,7.1
143,措备,2024-07-14,23.7,2.6,2.9,1004.5,9.4
143,措备,2024-07-15,24.3,0,2.9,1006.6,8.9
143,措备,2024-07-16,25.1,5.9,1.5,1006,8.8
143,措备,2024-07-17,27.1,0,1.7,1003.9,9
143,措备,2024-07-18,28.5,.9,2.3,998.5,9.8
143,措备,2024-07-19,27.3,1.9,1.5,999.8,8.1
143,措备,2024-07-20,26.9,22.7,1.5,1002.3,5.8
143,措备,2024-07-21,29.7,2.2,2.4,1001.6,4.9
143,措备,2024-07-22,30.1,,1.9,1001.2,6
143,措备,2024-07-23,30,,2.2,999.4,9.1
143,措备,2024-07-24,28.6,4.4,1.4,999.4,6.6
143,措备,2024-07-25,29.7,,1.4,1001.1,6.3
143,措备,2024-07-26,29.7,0,2.3,1005.5,8.1
143,措备,2024-07-27,29.5,0,1.8,1009.7,7
143,措备,2024-07-28,30.5,,1.9,1007.5,4.6
143,措备,2024-07-29,30.7,,2.8,1002.9,1.9
143,措备,2024-07-30,30.3,,2.2,1001.1,.8
143,措备,2024-07-31,30.6,,1.9,1000.4,.9
143,措备,2024-08-01,31.6,,2,998.8,3.9
143,措备,2024-08-02,31.5,2.4,1.8,998.4,4
143,措备,2024-08-03,32.1,,1.9,1000.7,2
143,措备,2024-08-04,29.8,,2.2,1002.1,5.3
143,措备,2024-08-05,28.3,20.6,2.2,1002.3,6.1
143,措备,2024-08-06,29.2,,1.9,1001.5,4.1
143,措备,2024-08-07,31,,1.6,999.7,5.4
143,措备,2024-08-08,28.5,58,.8,998.5,6.6
143,措备,2024-08-09,29.3,,2.3,998,2.8
143,措备,2024-08-10,28.9,,2.6,998,4.1
143,措备,2024-08-11,28.9,,2.5,997.6,1.4
143,措备,2024-08-12,28.4,,2.8,999.3,1.4
143,措备,2024-08-13,28,,2.5,1002.3,1.4
143,措备,2024-08-14,28,,2.7,1002.6,3.6
143,措备,2024-08-15,28.3,,2.9,1002.2,4.8
143,措备,2024-08-16,28.7,,2.3,1003,4.1
143,措备,2024-08-17,29.1,,2.2,1004.6,4.9
143,措备,2024-08-18,29,0,2.7,1003.9,3.6
143,措备,2024-08-19,29.6,0,2,1002.7,5.1
143,措备,2024-08-20,28.8,2,2,1004,8.4
143,措备,2024-08-21,28.1,3.3,2.1,1003.5,9
143,措备,2024-08-22,29.7,0,2.2,1000.4,7
143,措备,2024-08-23,30.3,,1.9,1002.3,1.9
143,措备,2024-08-24,30.4,,1.6,1003.6,1.3
143,措备,2024-08-25,28.9,0,2,1002.7,3.6
143,措备,2024-08-26,28.7,21.1,2,1000.7,6.9
143,措备,2024-08-27,26.2,10.8,3,1000.6,9.6
143,措备,2024-08-28,26.6,,2.6,1002.5,8.8
143,措备,2024-08-29,28.1,.1,2.9,998.6,6.5
143,措备,2024-08-30,29.5,,2.6,997.1,5.8
143,措备,2024-08-31,27.6,,3,1000.6,1.9
143,措备,2024-09-01,27.9,,1.6,1001.3,4.1
143,措备,2024-09-02,27,0,1.8,1003.2,6.6
143,措备,2024-09-03,24.9,0,3,1006.6,5.9
143,措备,2024-09-04,25.4,,2.4,1004.4,1.9
143,措备,2024-09-05,28.4,,1.9,1001.6,2.9
143,措备,2024-09-06,25.4,15.7,2.4,1005.6,9.9
143,措备,2024-09-07,25.4,4.5,1.4,1007.7,9.8
143,措备,2024-09-08,27.2,.1,2.6,1007.5,6.9
143,措备,2024-09-09,27.5,,2.7,1007.6,3.6
143,措备,2024-09-10,28.9,,.5,1007.5,.5
143,措备,2024-09-11,27.1,1.4,1.2,1010.2,8.3
143,措备,2024-09-12,27.5,25.7,1.7,1008.9,8.6
143,措备,2024-09-13,28.9,,1,1003.3,6.3
143,措备,2024-09-14,28.7,,1.5,1000.2,4.5
143,措备,2024-09-15,26.5,,3.1,1004.7,7.1
143,措备,2024-09-16,26,,2.6,1010.2,8.6
143,措备,2024-09-17,29.5,,1.4,1008.5,4.1
143,措备,2024-09-18,29.5,0,1.6,1007.8,5.8
143,措备,2024-09-19,29,,1.3,1008.3,5.9
143,措备,2024-09-20,26.2,16.4,1.2,1005.2,9.6
143,措备,2024-09-21,21.2,87.6,3.1,1000.9,10
143,措备,2024-09-22,22.1,0,2.4,1005.9,8.8
143,措备,2024-09-23,19.7,,2.8,1012.4,3.5
143,措备,2024-09-24,19.7,,2,1010.9,5.6
143,措备,2024-09-25,22.5,,1.6,1008.5,4.5
143,措备,2024-09-26,23.3,,1.2,1006.9,5.9
143,措备,2024-09-27,23.4,,1.7,1007,5.8
143,措备,2024-09-28,21.8,.1,1.8,1012.2,5.8
143,措备,2024-09-29,21.3,,2.2,1014.3,4.1
143,措备,2024-09-30,21.3,,1.1,1009.6,1.4
143,措备,2024-10-01,21.1,,2.4,1004.9,7
143,措备,2024-10-02,17.3,,2.9,1011.1,6
143,措备,2024-10-03,16.6,9.9,1.9,1014.4,10
143,措备,2024-10-04,17.3,,1.7,1017.5,2
143,措备,2024-10-05,17.2,,1.5,1016.7,3.1
143,措备,2024-10-06,18.1,3.2,1.2,1013.5,9.5
143,措备,2024-10-07,17.4,.9,1.6,1010.9,10
143,措备,2024-10-08,17.9,5.8,1.3,1010.1,5.6
143,措备,2024-10-09,17.2,,1.8,1010.6,3.6
143,措备,2024-10-10,17.5,,1.2,1009.1,1.6
143,措备,2024-10-11,18.1,,1.2,1011.9,.5
143,措备,2024-10-12,17.8,,1.1,1016.5,0
143,措备,2024-10-13,17.9,,2.1,1017.3,5.3
143,措备,2024-10-14,18.7,14.1,.9,1013.5,9.6
143,措备,2024-10-15,19.1,7.5,1,1011.4,9.1
143,措备,2024-10-16,19.4,,1.6,1015.9,6.5
143,措备,2024-10-17,18.7,,1.6,1016.3,6.9
143,措备,2024-10-18,20.5,16.1,1.5,1008.5,8.9
143,措备,2024-10-19,17.8,5.4,2.9,1011.9,8.9
143,措备,2024-10-20,14.4,,3.3,1024.1,9.1
143,措备,2024-10-21,15.2,5.3,1.1,1017.9,9.4
143,措备,2024-10-22,17.1,23,1,1008.9,10
143,措备,2024-10-23,16.8,0,4.1,1009,2.5
143,措备,2024-10-24,13.8,,1.8,1015.2,0
143,措备,2024-10-25,15,,1.8,1018.9,4.8
143,措备,2024-10-26,16.6,,1.8,1015.2,4.1
143,措备,2024-10-27,14.5,2.8,1,1008.4,9
143,措备,2024-10-28,14.6,.9,1.6,1009.3,8.4
143,措备,2024-10-29,14.5,,1.3,1012.9,5.3
143,措备,2024-10-30,14.7,,1.2,1016,.1
143,措备,2024-10-31,15,,1.1,1016.9,5.6
143,措备,2024-11-01,14,13,1.2,1013.4,9.9
143,措备,2024-11-02,16.2,18.9,1.6,1011.1,6.4
143,措备,2024-11-03,14.6,,1.1,1016.4,2.1
143,措备,2024-11-04,15.2,,1.9,1013.6,3.5
143,措备,2024-11-05,12.4,,2.3,1013.7,2.5
143,措备,2024-11-06,9.4,,3,1018.8,0
143,措备,2024-11-07,9.3,,.8,1023,1.6
143,措备,2024-11-08,12.4,,1.2,1021.7,4
143,措备,2024-11-09,12.7,,1.7,1020.3,6.3
143,措备,2024-11-10,12.6,,.6,1016.1,7.3
143,措备,2024-11-11,13.9,,1.4,1013.6,4
143,措备,2024-11-12,13.8,,1.5,1012.6,.4
143,措备,2024-11-13,13.1,,1.9,1016.6,2.4
143,措备,2024-11-14,12.8,0,1,1015,6.5
143,措备,2024-11-15,14.6,0,.9,1013.1,9
143,措备,2024-11-16,16.4,,.9,1010.2,3.3
143,措备,2024-11-17,12.5,0,3,1013.9,8.6
143,措备,2024-11-18,5,,2.9,1023.9,0
143,措备,2024-11-19,6.6,,.9,1023.3,4
143,措备,2024-11-20,8.6,,1.9,1017.1,3.8
143,措备,2024-11-21,8.9,,1.2,1013.9,1.1
143,措备,2024-11-22,8.2,,2.1,1015.4,.6
143,措备,2024-11-23,5.9,,1.9,1021.1,2.1
143,措备,2024-11-24,8,,1,1023,4.1
143,措备,2024-11-25,9.2,.2,1.7,1019.5,5.3
143,措备,2024-11-26,9.3,18.3,3.4,1005.9,7
143,措备,2024-11-27,5.1,0,3.7,1006.1,7
143,措备,2024-11-28,6,0,3.7,1004.7,5
143,措备,2024-11-29,5.3,0,3.8,1005.8,6.4
143,措备,2024-11-30,7.5,,3.3,1008.9,2.5
143,措备,2024-12-01,8.2,,.8,1010.1,4.6
143,措备,2024-12-02,10.8,,1.7,1009.6,.5
143,措备,2024-12-03,6.4,,3.4,1015,5.6
143,措备,2024-12-04,4.6,,2.2,1014.4,3.3
143,措备,2024-12-05,5.5,,2.2,1010.2,5.4
143,措备,2024-12-06,6.4,0,3.9,1012.9,2.5
143,措备,2024-12-07,3.9,,3.6,1016.3,1.6
143,措备,2024-12-08,2.6,,4.3,1018.1,.6
143,措备,2024-12-09,3.7,,2.7,1017.4,1.8
143,措备,2024-12-10,4.4,,2.2,1016,.9
143,措备,2024-12-11,4.2,,1.5,1014.8,4.8
143,措备,2024-12-12,3.3,,2.3,1016.4,2.9
143,措备,2024-12-13,3.7,,3.3,1014.2,5.8
143,措备,2024-12-14,2,,4,1017.2,.1
143,措备,2024-12-15,2.9,0,2.5,1013.8,7.5
143,措备,2024-12-16,3.9,0,2.5,1015,2.4
143,措备,2024-12-17,4.1,0,3.4,1017.4,3
143,措备,2024-12-18,.6,,3.4,1018,1.3
143,措备,2024-12-19,.3,,1.6,1021.7,1.8
143,措备,2024-12-20,1.8,,1.5,1016,7.3
143,措备,2024-12-21,2,1.3,3.4,1011.4,7.1
143,措备,2024-12-22,-.6,,4.5,1018.7,0
143,措备,2024-12-23,2.6,,3.2,1019.1,2.3
143,措备,2024-12-24,2.4,,2.5,1020.6,0
143,措备,2024-12-25,3.1,,1.6,1018.5,6.3
143,措备,2024-12-26,3.9,,3.7,1015.7,3.3
143,措备,2024-12-27,.4,,4,1017.9,1.4
143,措备,2024-12-28,-.1,0,4.6,1016.4,2
143,措备,2024-12-29,1.8,,1.7,1018.9,3.4
143,措备,2024-12-30,4.5,,1.8,1013.3,7
143,措备,2024-12-31,4.2,,3.9,1012.3,.5
143,措备,2025-01-01,2.8,,1.6,1015.8,0
143,措备,2025-01-02,3.1,,1.6,1016.9,1.1
143,措备,2025-01-03,1.5,,3.6,1018.7,2.8
143,措备,2025-01-04,1.6,,2.6,1019.7,.8
143,措备,2025-01-05,1.2,,1,1015.1,8.1
143,措备,2025-01-06,1.8,0,2.8,1009.3,4
143,措备,2025-01-07,.3,,4.1,1011.5,2.5
143,措备,2025-01-08,.5,.6,2.6,1012.8,6
143,措备,2025-01-09,-6.1,,5.1,1017.6,
143,措备,2025-01-10,-5.3,,3.6,1024.2,.5
143,措备,2025-01-11,-2,,2.8,1021.5,2
143,措备,2025-01-12,-.1,,3.8,1016.8,2.1
143,措备,2025-01-13,.9,,2,1019.2,.9
143,措备,2025-01-14,4.1,,2,1017.3,3.4
143,措备,2025-01-15,-.3,,4.2,1020.1,.1
143,措备,2025-01-16,.8,,2.8,1018,4.4
143,措备,2025-01-17,2.4,,1.1,1019.1,1.4
143,措备,2025-01-18,2.4,,1,1016.8,2.6
143,措备,2025-01-19,2.4,,1.1,1010.7,3.1
143,措备,2025-01-20,2.4,,1.1,1009.8,.5
143,措备,2025-01-21,2.6,,1.3,1015.1,0
143,措备,2025-01-22,3.6,,1.3,1017.2,2.5
143,措备,2025-01-23,4.4,,1.3,1017.4,1.5
143,措备,2025-01-24,3.7,,1.7,1018.9,.6
143,措备,2025-01-25,3.5,0,2.2,1021.9,5.9
143,措备,2025-01-26,4.9,0,2,1018.8,9
143,措备,2025-01-27,1.8,3.7,2.6,1008.9,7
143,措备,2025-01-28,.6,0,4.9,1009.2,5.3
143,措备,2025-01-29,-.3,0,5,1016.3,3.5
143,措备,2025-01-30,.5,,2.5,1020.6,2.1
143,措备,2025-01-31,2.4,0,.9,1020,6.6
143,措备,2025-02-01,3.7,5.9,.8,1014.6,9.5
143,措备,2025-02-02,3.7,,1.4,1011,6.8
143,措备,2025-02-03,.5,,6.1,1010.6,2.8
143,措备,2025-02-04,-4.3,,5.5,1010.4,.5
143,措备,2025-02-05,-4.2,,4.8,1010.6,.9
143,措备,2025-02-06,-2.2,,3.6,1014.2,3.8
143,措备,2025-02-07,-4.8,1,4.5,1012.3,4.5
143,措备,2025-02-08,-5.1,,3.5,1020,0
143,措备,2025-02-09,-2.4,,2.9,1019.6,.1
143,措备,2025-02-10,-.4,,3.1,1019.9,.5
143,措备,2025-02-11,.9,,1,1021.7,1.3
143,措备,2025-02-12,1.5,5.7,2.3,1009.9,8.8
143,措备,2025-02-13,2,,4.6,1016.1,0
143,措备,2025-02-14,3.5,,1.6,1015.2,1.4
143,措备,2025-02-15,3.4,,1.2,1011.2,5.5
143,措备,2025-02-16,6.3,,2.4,1008.8,1.9
143,措备,2025-02-17,2.8,,5.6,1014.8,.4
143,措备,2025-02-18,.2,,4.6,1017.7,.3
143,措备,2025-02-19,.1,,4.1,1020.1,0
143,措备,2025-02-20,0,,3.6,1021.9,.8
143,措备,2025-02-21,.1,,3.9,1022.7,3
143,措备,2025-02-22,.8,0,3.5,1023.9,.8
143,措备,2025-02-23,-1,,4.3,1022.9,2.9
143,措备,2025-02-24,.9,,4.1,1023.5,0
143,措备,2025-02-25,4.3,,3,1019.7,4.5
143,措备,2025-02-26,6.2,,2.5,1016.4,0
143,措备,2025-02-27,7,0,1.4,1016,4.9
